架次,时间s,直连裕量dB,Q3-R01裕量dB,Q3-R02裕量dB,Q3-R03裕量dB
Q2-016,3718.523,55.92517525248826,-7.3646543164608005,,
Q2-016,3719.5211121429843,57.08267197676949,-7.3640315228441295,,
Q2-016,3720.519224285968,58.41848579784323,-7.363411164166223,,
Q2-016,3721.517336428952,59.99774184296487,2.637206758516598,,
Q2-016,3722.515448571936,61.92939290689409,2.637822244151778,,
Q2-016,3723.51356071492,64.41726327367255,2.6384352916906124,,
Q2-016,3724.511672857904,67.91732070667645,2.6390459000881634,,
Q2-016,3725.509785000888,73.87294278757486,2.639654068303358,,
Q2-016,3726.507897143872,110.40579328701449,2.6402597952988884,,
Q2-016,3727.5060092868557,74.13582257645585,2.6408630800412993,,
Q2-016,3728.50412142984,68.04875307677972,2.6414639215009856,,
Q2-016,3729.5022335728236,64.50488392492589,2.642062318652137,,
Q2-016,3730.5003457158077,61.99510815152594,2.6426582704728077,,
Q2-016,3731.498457858792,60.050313948391775,2.643251775944904,,
Q2-016,3732.4965700017756,58.46229584483335,2.6438428340541975,,
Q2-016,3733.4946821447597,57.120223424496714,2.644431443790282,,
Q2-016,3734.4927942877434,55.95803275725538,2.645017604146645,,
Q2-016,3735.4909064307276,54.93315362688392,2.645601314120654,,
Q2-016,3736.4890185737117,54.016541147681465,2.6461825727135135,,
Q2-016,3737.4871307166954,53.18749089933935,2.646761378930364,,
Q2-016,3738.4852428596796,52.4307226864683,2.6473377317801834,,
Q2-016,3739.4833550026633,51.73463703943486,2.647911630275871,,
Q2-016,3740.4814671456475,51.090220418472825,2.648483073434221,,
Q2-016,3741.4795792886316,50.490329439864595,2.6490520602759204,,
Q2-016,3742.4776914316153,49.92920680775059,2.649618589825593,,
Q2-016,3743.4758035745995,49.40214439134573,2.6501826611117423,,
Q2-016,3744.473915717583,48.90524283548933,2.650744273166822,,
Q2-016,3745.4720278605673,48.435236305845336,2.6513034250271943,,
Q2-016,3746.4701400035515,47.98936227479476,2.6518601157331574,,
Q2-016,3747.468252146535,47.5652631338661,2.6524143443289603,,
Q2-016,3748.4663642895193,47.16091073141574,2.652966109862774,,
Q2-016,3749.464476432503,46.77454770981416,2.6535154113867065,,
Q2-016,3750.462588575487,46.40464134488009,2.6540622479568867,,
Q2-016,3751.4607007184713,46.04984682047365,2.654606618633295,,
Q2-016,3752.458812861455,45.70897771460932,2.6551485224799762,,
Q2-016,3753.456925004439,45.38098206181732,2.655687958564883,,
Q2-016,3754.455037147423,45.06492277338663,2.656224925959961,,
Q2-016,3755.453149290407,44.75996149680775,2.6567594237411356,,
Q2-016,3756.4512614333908,44.4653452140367,2.6572914509883105,,
Q2-016,3757.449373576375,44.18039503914636,2.6578210067853973,,
Q2-016,3758.447485719359,43.9044967959633,2.6583480902202723,,
Q2-016,3759.4455978623428,43.637093046719684,2.6588727003848476,,
Q2-016,3760.443710005327,43.37767631157203,2.659394836375,,
Q2-016,3761.4418221483106,43.12578327167738,2.659914497290657,,
Q2-016,3762.439934291295,42.88098978943421,2.660431682235739,,
Q2-016,3763.438046434279,42.6429066114425,2.6609463903181734,,
Q2-016,3764.4361585772626,42.41117564485185,2.6614586206499524,,
Q2-016,3765.434270720247,42.18546671766583,2.6619683723470615,,
Q2-016,3766.4323828632305,41.96547474943337,2.662475644529536,,
Q2-016,3767.4304950062146,41.750917271480546,2.662980436321476,,
Q2-016,3768.428607149199,41.54153224611248,2.663482746850974,,
Q2-016,3769.4267192921825,41.337076142545854,2.663982575250216,,
Q2-016,3770.4248314351667,41.1373222341379,2.664479920655424,,
Q2-016,3771.4229435781504,40.94205908705506,2.664974782206883,,
Q2-016,3772.4210557211345,40.75108921511867,2.6654671590489585,,
Q2-016,3773.419167864118,40.56422787937471,2.6659570503300642,,
Q2-016,3774.4172800071024,40.38130201409318,2.6664444552026936,,
Q2-016,3775.4153921500865,40.2021492635499,2.6669293728234464,,
Q2-016,3776.41350429307,40.02661711615295,2.6674118023529445,,
Q2-016,3777.4116164360544,39.854562124342564,2.667891742955973,,
Q2-016,3778.409728579038,39.68584920026703,2.668369193801368,,
Q2-016,3779.4078407220222,39.52035097856799,2.6688441540620573,,
Q2-016,3780.4059528650064,39.35794723874754,2.6693166229150904,,
Q2-016,3781.40406500799,39.19852438055244,2.669786599541652,,
Q2-016,3782.4021771509742,39.041974946641915,2.670254083126963,,
Q2-016,3783.400289293958,38.88819718751628,2.670719072860436,,
Q2-016,3784.398401436942,38.73709466429278,2.671181567935591,,
Q2-016,3785.3965135799262,38.58857588544711,2.671641567550026,,
Q2-016,3786.39462572291,38.442553974092576,2.6720990709055172,,
Q2-016,3787.392737865894,38.29894636276751,2.6725540772079768,,
Q2-016,3788.390850008878,38.157674513047056,2.673006585667437,,
Q2-016,3789.388962151862,38.01866365759342,2.6734565954980667,,
Q2-016,3790.387074294846,37.881842562525435,2.67390410591824,,
Q2-016,3791.38518643783,37.74714330821526,2.6743491161503954,,
Q2-016,3792.383298580814,37.61450108682395,2.674791625421207,,
Q2-016,3793.3814107237977,37.483854015065816,2.6752316329614843,,
Q2-016,3794.379522866782,37.35514296084585,2.6756691380061994,,
Q2-016,3795.377635009766,37.2283113825565,2.6761041397944894,,
Q2-016,3796.3757471527497,37.103305179938914,2.676536637569683,,
Q2-016,3797.373859295734,36.9800725555249,2.6769666305792867,,
Q2-016,3798.3719714387175,36.8585638857717,2.6773941180749716,,
Q2-016,3799.3700835817017,36.7387316010861,2.677819099312643,,
Q2-016,3800.3681957246854,36.620530074013345,2.6782415735523415,,
Q2-016,3801.3663078676695,36.503915514931606,2.6786615400583287,,
Q2-016,3802.3644200106537,36.38884587465688,2.6790789980991008,,
Q2-016,3803.3625321536374,36.275280753414876,2.679493946947318,,
Q2-016,3804.3606442966216,36.16318131568735,2.6799063858798604,,
Q2-016,3805.3587564396053,36.052510210484286,2.6803163141778157,,
Q2-016,3806.3568685825894,35.9432314966309,2.6807237311265055,,
Q2-016,3807.3549807255736,35.835310572697296,2.6811286360154725,,
Q2-016,3808.3530928685573,35.72871411122753,2.6815310281384654,,
Q2-016,3809.3512050115414,35.62340999695583,2.6819309067934967,,
Q2-016,3810.349317154525,35.519367268723855,2.6823282712827705,,
Q2-016,3811.3474292975093,35.41655606483492,2.682723120912769,,
Q2-016,3812.3455414404934,35.31494757160547,2.6831154549941942,,
Q2-016,3813.343653583477,35.21451397489062,2.6835052728420123,,
Q2-016,3814.3417657264613,35.11522841438038,2.6838925737754096,,
Q2-016,3815.339877869445,35.0170649404791,2.6842773571178498,,
Q2-016,3816.337990012429,34.919998473593694,2.684659622197074,,
Q2-016,3817.336102155413,34.824004765672456,2.6850393683450307,,
Q2-016,3818.334214298397,34.729060363845264,2.6854165948979727,,
Q2-016,3819.332326441381,34.63514257603036,2.6857913011964314,,
Q2-016,3820.330438584365,34.54222943838026,2.6861634865851727,,
Q2-016,3821.328550727349,34.45029968445046,2.6865331504132826,,
Q2-016,3822.3266628703327,34.35933271598316,2.686900292034096,,
Q2-016,3823.324775013317,34.26930857520449,2.687264910805254,,
Q2-016,3824.322887156301,34.18020791854322,2.687627006088661,,
Q2-016,3825.3209992992847,34.092011991683535,2.687986577250541,,
Q2-016,3826.319111442269,34.004702605871586,2.68834362366141,,
Q2-016,3827.3172235852526,33.91826211540153,2.688698144696062,,
Q2-016,3828.3153357282367,33.8326733962102,2.6890501397336095,,
Q2-016,3829.313447871221,33.74791982551682,2.6893996081574727,,
Q2-016,3830.3115600142046,33.663985262446005,2.6897465493553767,,
Q2-016,3831.3096721571887,33.580854029578106,2.690090962719381,,
Q2-016,3832.3077843001724,33.49851089537458,2.690432847645809,,
Q2-016,3833.3058964431566,33.41694105742788,2.6907722035353885,,
Q2-016,3834.3040085861408,33.33613012649127,2.6911090297930826,,
Q2-016,3835.3021207291245,33.256064111244314,2.6914433258282457,,
Q2-016,3836.3002328721086,33.17672940375407,2.691775091054538,,
Q2-016,3837.2983450150923,33.09811276559472,2.6921043248899537,,
Q2-016,3838.2964571580765,33.02020131458919,2.692431026756836,,
Q2-016,3839.2945693010606,32.942982512140574,2.6927551960818477,,
Q2-016,3840.2926814440443,32.866444151121556,2.693076832296043,,
Q2-016,3841.2907935870285,32.790574344292594,2.6933959348347543,,
Q2-016,3842.288905730012,32.71536151322202,2.693712503137732,,
Q2-016,3843.2870178729963,32.64079437768129,2.6940265366490337,,
Q2-016,3844.28513001598,32.566861945491866,2.6943380348171075,,
Q2-016,3845.283242158964,32.49355350280041,2.6946469970947504,,
Q2-016,3846.2813543019483,32.420858604761065,2.6949534229391077,,
Q2-016,3847.279466444932,32.34876706660438,2.695257311811716,,
Q2-016,3848.277578587916,32.27726895507362,2.695558663178474,,
Q2-016,3849.2756907309,32.20635458021121,2.6958574765096444,,
Q2-016,3850.273802873884,32.13601448747701,2.696153751279894,,
Q2-016,3851.271915016868,32.066239450183915,2.696447486968225,,
Q2-016,3852.270027159852,31.997020462234374,2.696738683058072,,
Q2-016,3853.268139302836,31.928348731144183,2.69702733903722,,
Q2-016,3854.2662514458198,31.86021567134003,2.697313454397843,,
Q2-016,3855.264363588804,31.792612897717646,2.6975970286365367,,
Q2-016,3856.262475731788,31.725532219448922,2.697878061254272,,
Q2-016,3857.2605878747718,31.65896563402626,2.698156551756398,,
Q2-016,3858.258700017756,31.592905321533223,2.6984324996527107,,
Q2-016,3859.2568121607396,31.527343639131857,2.69870590445737,,
Q2-016,3860.254924303724,31.462273115755963,2.69897676568894,,
Q2-016,3861.2530364467075,31.3976864470022,2.6992450828704477,,
Q2-016,3862.2511485896916,31.333576490209225,2.6995108555292546,,
Q2-016,3863.249260732676,31.26993625971764,2.699774083197198,,
Q2-016,3864.2473728756595,31.206758922301887,2.700034765410507,,
Q2-016,3865.2454850186436,31.14403779276722,2.7002929017098296,,
Q2-016,3866.2435971616273,31.08176632970472,2.700548491640234,,
Q2-016,3867.2417093046115,31.019938131396998,2.7008015347512355,,
Q2-016,3868.2398214475957,30.958546931868995,2.701052030596756,,
Q2-016,3869.2379335905794,30.897586597077122,2.7012999787351504,,
Q2-016,3870.2360457335635,30.837051121231198,2.7015453787292216,,
Q2-016,3871.234157876547,30.77693462324386,2.701788230146178,,
Q2-016,3872.2322700195314,30.717231343301734,2.702028532557705,,
Q2-016,3873.229811911278,30.70990886626707,2.7273461627088835,,
Q2-016,3874.227353803024,30.688015232915305,2.7527190134502177,,
Q2-016,3875.2248956947706,30.651769359089442,2.778147187592566,,
Q2-016,3876.222437586517,30.601528061562533,2.8036307861754466,,
Q2-016,3877.219979478263,30.537774587452603,2.829169908406911,,
Q2-016,3878.2175213700098,30.461103640828767,2.854764651608349,,
Q2-016,3879.2150632617563,30.372203844143357,2.880415111157859,,
Q2-016,3880.212605153503,30.271838657104297,2.9061213804353656,,
Q2-016,3881.210147045249,30.160826765660758,2.9318835507516496,,
Q2-016,3882.2076889369955,30.04002286180446,2.957701711296025,,
Q2-016,3883.205230828742,29.910299583769174,2.9835759490700013,,
Q2-016,3884.202772720488,29.772531200271814,3.0095063488190164,,
Q2-016,3885.2003146122347,29.627579426680285,3.0354929929788597,,
Q2-016,3886.1978565039813,29.476281575917668,3.061535961591744,,
Q2-016,3887.1953983957274,29.319441085563753,3.0876353322480554,,
Q2-016,3888.192940287474,29.157820334991868,3.113791180012086,,
Q2-016,3889.1904821792205,28.99213557307462,3.1400035773533688,,
Q2-016,3890.188024070967,28.823053717575206,3.1662725940713443,,
Q2-016,3891.185565962713,28.65119075700909,3.192598297217785,,
Q2-016,3892.1831078544596,28.477111478233212,3.2189807510235795,,
Q2-016,3893.180649746206,28.30133025336231,3.2454200168153875,,
Q2-016,3894.1781916379523,28.124312640693788,3.271916152945707,,
Q2-016,3895.175733529699,27.946477582976485,3.298469214696979,,
Q2-016,3896.1732754214454,27.768200016830036,3.3250792542081484,,
Q2-016,3897.1708173131915,27.589813739041887,3.3517463203857005,,
Q2-016,3898.168359204938,27.41161440470063,3.378470458812899,,
Q2-016,3899.1659010966846,27.23386255890378,3.4052517116700756,,
Q2-016,3900.163442988431,27.05678662752787,3.4320901176326117,,
Q2-016,3901.1609848801772,26.88058581182102,3.4589857117816507,,
Q2-016,3902.158526771924,26.705432848517816,3.4859385255112443,,
Q2-016,3903.1560686636703,26.53147661020246,3.512948586427555,,
Q2-016,3904.1536105554164,26.35884453106425,3.5400159182541557,,
Q2-016,3905.151152447163,26.187644851577346,3.5671405407221926,,
Q2-016,3906.1486943389095,26.017968681203058,3.594322469477092,,
Q2-016,3907.1462362306556,25.849891883224302,3.621561715961903,,
Q2-016,3908.143778122402,25.683476788400938,3.6488582873190296,,
Q2-016,3909.1413200141487,25.518773746714928,3.676212186274512,,
Q2-016,3910.1388619058953,25.355822527228895,3.703623411022818,,
Q2-016,3911.1364037976414,25.194653577097284,3.731091955117904,,
Q2-016,3912.133945689388,25.035289150860123,3.758617807348088,,
Q2-016,3913.1314875811345,24.87774432085496,3.7862009516265545,,
Q2-016,3914.1290294728806,24.72202787960481,3.8138413668576447,,
Q2-016,3915.126571364627,24.568143143984216,3.841539026815582,,
Q2-016,3916.1241132563737,24.41608867081959,3.869293900019045,,
Q2-016,3917.1216551481198,24.2658588926966,3.89710594959719,,
Q2-016,3918.1191970398663,24.117444682016824,3.9249751331601743,,
Q2-016,3919.116738931613,23.970833850914815,3.952901402658213,,
Q2-016,3920.1142808233594,23.826011593596107,3.9808847042466766,,
Q2-016,3921.1118227151055,23.6829608774259,4.008924978139845,,
Q2-016,3922.109364606852,23.541662788173767,4.037022158472965,,
Q2-016,3923.1069064985986,23.402096834605047,4.065176173150292,,
Q2-016,3924.1044483903447,23.26424121671802,4.093386943692153,,
Q2-016,3925.1019902820913,23.12807306177234,4.12165438508373,,
Q2-016,3926.099532173838,22.99356863168468,4.149978405620786,,
Q2-016,3927.097074065584,22.860703504985338,4.178358906747135,,
Q2-016,3928.0946159573305,22.72945273631558,4.206795782887113,,
Q2-016,3929.092157849077,22.59979099584214,4.2352889212855445,,
Q2-016,3930.0896997408236,22.47169269103226,4.263838201834091,,
Q2-016,3931.0872416325697,22.34513207274462,4.29244349689759,,
Q2-016,3932.084783524316,22.220083327402946,4.321104671140191,,
Q2-016,3933.0823254160628,22.096520656986584,4.34982158134018,,
Q2-016,3934.079867307809,21.974418348076966,4.378594076209652,,
Q2-016,3935.0774091995554,21.853750831376473,4.407421996201535,,
Q2-016,3936.074951091302,21.73449273268247,4.436305173328421,,
Q2-016,3937.072492983048,21.6166189164976,4.46524343095615,,
Q2-016,3938.0700348747946,21.500104522941243,4.494236583609194,,
Q2-016,3939.067576766541,21.384924998891847,4.523284436766872,,
Q2-016,3940.0651186582877,21.271056123998093,4.552386786660051,,
Q2-016,3941.062660550034,21.158474032160882,4.581543420057201,,
Q2-016,3942.0602024417803,21.0471552291214,4.610754114044937,,
Q2-016,3943.057744333527,20.937076606473326,4.64001863581916,,
Q2-016,3944.055286225273,20.8282154526935,4.669336742451279,,
Q2-016,3945.0528281170195,20.720549461471805,4.698708180664212,,
Q2-016,3946.050370008766,20.61405673766572,4.72813268660714,,
Q2-016,3947.047911900512,20.50871580130743,4.757609985608781,,
Q2-016,3948.0454537922587,20.404505589743962,4.78713979194022,,
Q2-016,3949.0429956840053,20.301405458274957,4.816721808571202,,
Q2-016,3950.040537575752,20.199395179412946,4.846355726923065,,
Q2-016,3951.038079467498,20.098454941066535,4.876041226607114,,
Q2-016,3952.0356213592445,19.99856534364936,4.905777975168888,,
Q2-016,3953.033163250991,19.899707396376186,4.935565627823635,,
Q2-016,3954.030705142737,19.80186251282653,4.965403827191636,,
Q2-016,3955.0282470344837,19.705012505876653,4.995292203021066,,
Q2-016,3956.0257889262302,19.609139582176496,5.025230371905536,,
Q2-016,3957.0233308179763,19.514226336116792,5.055217937011349,,
Q2-016,3958.020872709723,19.420255743506132,5.08525448777803,,
Q2-016,3959.0184146014694,19.327211154941708,5.115339599628214,,
Q2-016,3960.015956493216,19.235076288916247,5.145472833679548,,
Q2-016,3961.013498384962,19.143835224849,5.175653736422831,,
Q2-016,3962.0110402767086,19.0534723958893,5.205881839424279,,
Q2-016,3963.008582168455,18.963972581684956,5.236156659009325,,
Q2-016,3964.0061240602013,18.87532090105519,5.266477695947131,,
Q2-016,3965.003665951948,18.787502804715686,5.296844435114721,,
Q2-016,3966.0012078436944,18.70050406792194,5.327256345177361,,
Q2-016,3966.9987497354405,18.614310783185488,5.357712878248975,,
Q2-016,3967.996291627187,18.528909353034507,5.388213469547097,,
Q2-016,3968.9938335189336,18.444286482790687,5.418757537057658,,
Q2-016,3969.99137541068,18.360429173509118,5.4493444811677705,,
Q2-016,3970.988917302426,18.27732471492007,5.47997368431956,,
Q2-016,3971.9864591941728,18.19496067851567,5.510644510642891,,
Q2-016,3972.9840010859193,18.113324910744566,5.541356305581829,,
Q2-016,3973.9815429776654,18.03240552627244,5.5721083955350394,,
Q2-016,3974.979084869412,17.952190901454657,5.602900087456391,,
Q2-016,3975.9766267611585,17.872669667846978,5.633730668479856,,
Q2-016,3976.9741686529046,17.793830705885867,5.664599405530851,,
Q2-016,3977.971710544651,17.715663138677755,5.695505544924146,,
Q2-016,3978.9692524363977,17.638156325968836,5.7264483119594445,,
Q2-016,3979.9667943281443,17.561299858189443,5.757426910519541,,
Q2-016,3980.9643362198904,17.4850835506693,5.788440522653559,,
Q2-016,3981.961878111637,17.40949743798835,5.819488308153751,,
Q2-016,3982.9594200033835,17.334531768422707,5.85056940414124,,
Q2-016,3983.9569618951296,17.26017699859601,5.881682924625437,,
Q2-016,3984.954503786876,17.186423788200443,5.912827960070729,,
Q2-016,3985.9520456786227,17.113262994872088,5.94400357696064,,
Q2-016,3986.9495875703687,17.04068566920921,5.9752088173428035,,
Q2-016,3987.9471294621153,16.968683049875267,6.006442698388867,,
Q2-016,3988.944671353862,16.897246558897265,6.037704211927405,,
Q2-016,3989.9422132456084,16.826367797027444,6.068992323984304,,
Q2-016,3990.9397551373545,16.75603853925506,6.100305974318928,,
Q2-016,3991.937297029101,16.68625073040984,6.131644075954696,,
Q2-016,3992.9348389208476,16.61699648094185,6.163005514691221,,
Q2-016,3993.9323808125937,16.548268062744185,6.19438914863855,,
Q2-016,3994.9299227043402,16.480057905137173,6.225793807718034,,
Q2-016,3995.927464596087,16.412358590943867,6.257218293178653,,
Q2-016,3996.925006487833,16.345162852654155,6.288661377103821,,
Q2-016,3997.9225483795794,16.278463568739397,6.320121801913643,,
Q2-016,3998.920090271326,16.212253760029256,6.351598279855196,,
Q2-016,3999.9176321630725,16.146526586196245,6.383089492506272,,
Q2-016,4000.9151740548186,16.081275342348448,6.4145940902613034,,
Q2-016,4001.912715946565,16.01649345568822,6.446110691820735,,
Q2-016,4002.9102578383117,15.952174482308621,6.477637883675783,,
Q2-016,4003.907799730058,15.888312104036189,6.509174219587365,,
Q2-016,4004.9053416218044,15.824900125380836,6.540718220070403,,
Q2-016,4005.902883513551,15.761932470546043,6.572268371873051,,
Q2-016,4006.900425405297,15.69940318057337,6.6038231274428085,,
Q2-016,4007.8979672970436,15.637306410506838,6.635380904411377,,
Q2-016,4008.89550918879,15.575636426667842,6.666940085063885,,
Q2-016,4009.8930510805367,15.514387604004895,6.698499015807343,,
Q2-016,4010.890592972283,15.453554423484036,6.730056006653143,,
Q2-016,4011.8881348640293,15.393131469607852,6.761609330680045,,
Q2-016,4012.885676755776,15.333113427951488,6.793157223509027,,
Q2-016,4013.883218647522,15.273495082788614,6.824697882777073,,
Q2-016,4014.8807605392685,15.214271314778017,6.856229467618604,,
Q2-016,4015.878302431015,15.155437098702052,6.887750098134077,,
Q2-016,4016.875844322761,15.096987501302635,6.91925785486977,,
Q2-016,4017.8733862145077,15.03891767912738,6.9507507783107485,,
Q2-016,4018.8709281062543,14.981222876476124,6.982226868351262,,
Q2-016,4019.868469998001,14.923898423356974,7.013684083801579,,
Q2-016,4020.866011889747,14.866939733559349,7.045120341867857,,
Q2-016,4021.8635537814935,14.810342302720443,7.076533517663904,,
Q2-016,4022.86109567324,14.754101706473904,7.107921443713849,,
Q2-016,4023.858637564986,14.69821359864794,7.139281909461374,,
Q2-016,4024.8561794567327,14.642673709482125,7.1706126608009555,,
Q2-016,4025.853721348479,14.587477843943859,7.201911399598714,,
Q2-016,4026.8512632402253,14.532621880043408,7.233175783231232,,
Q2-016,4027.848805131972,14.478101767210319,7.264403424139701,,
Q2-016,4028.8463470237184,14.423913524718586,7.29559188938525,,
Q2-016,4029.843888915465,14.370053240129977,7.326738700220787,,
Q2-016,4030.841430807211,14.316517067820811,7.3578413316709685,,
Q2-016,4031.8389726989576,14.2633012274989,7.388897212140293,,
Q2-016,4032.836514590704,14.210402002797693,7.419903723009867,,
Q2-016,4033.8340564824503,14.157815739869108,7.450858198274062,,
Q2-016,4034.831598374197,14.105538846056334,7.481757924186724,,
Q2-016,4035.8291402659434,14.053567788568742,7.512600138911793,,
Q2-016,4036.8266821576894,14.001899093200421,7.543382032210545,,
Q2-016,4037.824224049436,13.950529343085279,7.574100745141962,,
Q2-016,4038.8217659411825,13.899455177465043,7.6047533697827845,,
Q2-016,4039.819307832929,13.84867329052787,7.63533694896897,,
Q2-016,4040.816849724675,13.798180430237721,7.665848476060134,,
Q2-016,4041.8143916164217,13.747973397208327,7.696284894736991,,
Q2-016,4042.8119335081683,13.698049043610752,7.72664309881435,,
Q2-016,4043.8094753999144,13.64840427208766,7.75691993208406,,
Q2-016,4044.807017291661,13.599036034730545,7.787112188191571,,
Q2-016,4045.8045591834075,13.5499413320466,7.817216610537415,,
Q2-016,4046.8021010751536,13.50111721197517,7.847229892207736,,
Q2-016,4047.7996429669,13.452560768902359,7.877148675944113,,
Q2-016,4048.7971848586467,13.404269142736709,7.906969554149882,,
Q2-016,4049.7947267503932,13.356239517978366,7.93668906891412,,
Q2-016,4050.7922686421393,13.308469122820611,7.966303712091644,,
Q2-016,4051.789810533886,13.260955228273232,7.995809925421881,,
Q2-016,4052.7873524256324,13.213695147297585,8.025204100667565,,
Q2-016,4053.7848943173785,13.1666862339912,8.05448257981449,,
Q2-016,4054.782436209125,13.119925882756093,8.083641655310501,,
Q2-016,4055.7799781008716,13.073411527508284,8.112677570343621,,
Q2-016,4056.7775199926177,13.02714064090668,8.141586519165031,,
Q2-016,4057.7750618843643,12.981110733576102,8.170364647471857,,
Q2-016,4058.772603776111,12.935319353392487,8.199008052824567,,
Q2-016,4059.7701456678574,12.889764084743561,8.227512785124532,,
Q2-016,4060.7676875596035,12.844442547832983,8.255874847135104,,
Q2-016,4061.76522945135,12.79935239797264,8.284090195069595,,
Q2-016,4062.7627713430966,12.754491324933994,8.312154739221924,,
Q2-016,4063.7603132348427,12.709857052276448,8.340064344656312,,
Q2-016,4064.757855126589,12.66544733670834,8.367814831958142,,
Q2-016,4065.7553970183358,12.621259967459508,8.395401978052107,,
Q2-016,4066.752938910082,12.577292765659976,8.42282151705676,,
Q2-016,4067.7504808018284,12.533543583759865,8.450069141224489,,
Q2-016,4068.748022693575,12.490010304926159,8.477140501944689,,
Q2-016,4069.7455645853215,12.446690842480862,8.504031210788725,,
Q2-016,4070.7431064770676,12.403583139341734,8.530736840645233,,
Q2-016,4071.740648368814,12.360685167461028,8.557252926913932,,
Q2-016,4072.7381902605607,12.317994927314004,8.583574968765404,,
Q2-016,4073.735732152307,12.275510447363857,8.60969843046685,,
Q2-016,4074.7332740440534,12.23322978355526,8.63561874279084,,
Q2-016,4075.7308159358,12.191151018802543,8.66133130448145,,
Q2-016,4076.728357827546,12.149272262524363,8.686831483794919,,
Q2-016,4077.7258997192926,12.10759165014909,8.712114620121554,,
Q2-016,4078.723441611039,12.066107342653495,8.737176025668688,,
Q2-016,4079.7209835027857,12.024817526108563,8.762010987225011,,
Q2-016,4080.7185253945318,11.983720411220503,8.786614767989548,,
Q2-016,4081.7160672862783,11.942814232913932,8.810982609484327,,
Q2-016,4082.713609178025,11.902097249887078,8.835109733544527,,
Q2-016,4083.711151069771,11.861567744202873,8.85899134435924,,
Q2-016,4084.7086929615175,11.82122402088001,8.882622630610243,,
Q2-016,4085.706234853264,11.78106440747601,8.905998767680984,,
Q2-016,4086.70377674501,11.74108725372129,8.929114919920536,,
Q2-016,4087.7013186367567,11.701290931118535,8.951966242999106,,
Q2-016,4088.6988605285032,11.661673832573385,8.97454788633091,,
Q2-016,4089.69640242025,11.622234372014503,8.996854995558891,,
Q2-016,4090.693944311996,11.58297098405501,9.018882715115254,,
Q2-016,4091.6914862037424,11.543882123623888,9.04062619085461,,
Q2-016,4092.689028095489,11.504966265625825,9.062080572745359,,
Q2-016,4093.686569987235,11.466221904607892,9.083241017626165,,
Q2-016,4094.6841118789816,11.427647554413028,9.104102692033052,,
Q2-016,4095.681653770728,11.389241747876767,9.12466077508482,,
Q2-016,4096.679195662475,11.351003036498327,9.144910461417837,,
Q2-016,4097.676737554221,11.312929990129732,9.164846964195647,,
Q2-016,4098.674279445967,11.275021196678622,9.184465518150688,,
Q2-016,4099.6718213377135,11.237275261791751,9.203761382700108,,
Q2-016,4100.66936322946,11.199690808587633,9.22272984508669,,
Q2-016,4101.666905121207,11.162266477354734,9.24136622357932,,
Q2-016,4102.664447012953,11.125000925274435,9.259665870721946,,
Q2-016,4103.6619889047,11.087892826139012,9.277624176587835,,
Q2-016,4104.659530796446,11.05094087009762,9.295236572107243,,
Q2-016,4105.657072688192,11.014143763379266,9.31249853240395,,
Q2-016,4106.654614579938,10.97750022803794,9.329405580160184,,
Q2-016,4107.652156471685,10.941009001703122,9.345953289002153,,
Q2-016,4108.6496983634315,10.904668837316237,9.36213728690764,,
Q2-016,4109.647240255178,10.868478502906314,9.377953259628967,,
Q2-016,4110.644782146925,10.832436781339936,9.393396954108894,,
Q2-016,4111.64232403867,10.796542470087232,9.408464181919271,,
Q2-016,4112.639865930417,10.760794380996174,9.423150822685415,,
Q2-016,4113.637407822163,10.72519134005654,9.437452827494752,,
Q2-016,4114.63494971391,10.68973218719357,9.4513662223237,,
Q2-016,4115.6324916056565,10.65441577604264,9.464887111408856,,
Q2-016,4116.630033497403,10.619240973739394,9.478011680625983,,
Q2-016,4117.62757538915,10.584206660700644,9.49073620081478,,
Q2-016,4118.625117280895,10.549311730438944,9.503057031086797,,
Q2-016,4119.622659172642,10.514555089345365,9.514970622094793,,
Q2-016,4120.620201064388,10.47993565650087,9.526473519232411,,
Q2-016,4121.617742956135,10.445452363482488,9.537562365811382,,
Q2-016,4122.615284847881,10.41110415416371,9.548233906154167,,
Q2-016,4123.612826739628,10.376889984542373,9.558484988660936,,
Q2-016,4124.6103686313745,10.342808822551731,9.568312568758188,,
Q2-016,4125.60791052312,10.30885964787953,9.57771371181596,,
Q2-016,4126.605452414867,10.275041451796454,9.586685595964966,,
Q2-016,4127.602994306613,0.24135323697331046,9.59522551481794,,
Q2-016,4128.60053619836,0.20779401732559677,9.603330880136937,,
Q2-016,4129.598078090106,0.17436281783886898,9.610999224361066,,
Q2-016,4130.595619981853,0.14105867440812858,9.618228203067261,,
Q2-016,4131.593161873599,10.10788063366752,9.625015597296638,,
Q2-016,4132.590703765345,10.07482775285051,9.631359315794725,,
Q2-016,4133.588245657092,10.041899099621773,9.637257397123335,,
Q2-016,4134.585787548838,10.0090937519292,9.642708011652743,,
Q2-016,4135.583329440585,9.976410797858577,9.64770946342992,,
Q2-016,4136.580871332331,-0.05615066452615736,9.652260191917037,,
Q2-016,4137.578413224078,-0.0885915273093758,9.656358773613007,,
Q2-016,4138.5759551158235,-0.12091267287513574,9.660003923514267,,
Q2-016,4139.57349700757,-0.1531149740438451,9.663194496454338,,
Q2-016,4140.571038899317,-0.1851992942086298,9.665929488310042,,
Q2-016,4141.568580791063,-0.21716648747542422,9.668208037024215,,
Q2-016,4142.56612268281,-0.24901739878089302,9.670029423534814,,
Q2-016,4143.563664574556,-0.280752864034838,9.671393072526584,,
Q2-016,4144.561206466302,-0.31237371023692617,9.672298553025598,,
Q2-016,4145.558748358048,-0.3438807556168513,9.67274557885682,,
Q2-016,4146.556290249795,-0.3752748097377321,9.672734008952645,,
Q2-016,4147.5538321415415,-0.4065566736299644,9.67226384749857,,
Q2-016,4148.551374033288,-0.4377271399060163,9.671335243928027,,
Q2-016,4149.548915925035,-0.468786992873234,9.66994849276412,,
Q2-016,4150.546457816781,-0.4997370086609578,9.668104033303479,,
Q2-016,4151.543999708527,-0.5305779553164314,9.665802449169064,,
Q2-016,4152.541541600273,-0.5613105929247411,9.663044467679242,,
Q2-016,4153.53908349202,-0.5919356737172734,9.659830959094478,,
Q2-016,4154.5366253837665,-0.6224539421749427,9.65616293570477,,
Q2-016,4155.534167275513,-0.652866135142844,9.652041550754916,,
Q2-016,4156.53170916726,-0.6831729819187728,9.64746809726411,,
Q2-016,4157.529251059006,-0.7133752043675798,9.642444006676982,,
Q2-016,4158.526792950752,-0.7434735170117648,9.636970847374144,,
Q2-016,4159.524334842498,-0.7734686271420088,9.631050323048115,,
Q2-016,4160.521876734245,-0.8033612349009758,9.624684270982911,,
Q2-016,4161.519418625991,-0.8331520333840956,9.617874660148829,,
Q2-016,4162.516960517738,-0.8628417087331002,9.61062358921356,,
Q2-016,4163.5145024094845,-0.8924309402260064,9.602933284426584,,
Q2-016,4164.512044301231,-0.921920400376294,9.594806097364796,,
Q2-016,4165.509586192977,-0.9513107550078672,9.586244502610583,,
Q2-016,4166.507128084723,-0.9806026633510925,9.577251095279905,,
Q2-016,4167.50466997647,-1.0097967781286172,9.56782858847933,,
Q2-016,4168.502211868216,-1.0388937456366278,9.557979810657287,,
Q2-016,4169.499753759963,-1.0678942058369358,9.547707702845344,,
Q2-016,4170.4972956517095,-1.0967987924265117,9.537015315863187,,
Q2-016,4171.494837543455,-1.1256081329269847,9.52590580739519,,
Q2-016,4172.492379435202,-1.1543228487584827,9.514382439017226,,
Q2-016,4173.489921326948,-1.182943555327853,9.502448573134686,,
Q2-016,4174.487463218695,-1.2114708620936199,9.490107669903807,,
Q2-016,4175.484250871432,-1.211166791289159,9.48919233555256,,
Q2-016,4176.481038524168,-1.21086436803769,9.488269389861443,,
Q2-016,4177.477826176905,-1.2105635926848777,9.487338837723144,,
Q2-016,4178.474613829641,-1.210264465574582,9.486400684068258,,
Q2-016,4179.4714014823785,-1.2099669870488299,9.485454933865142,,
Q2-016,4180.468189135116,-1.2096711574478292,9.484501592119827,,
Q2-016,4181.464976787852,-1.2093769771099403,9.48354066387597,,
Q2-016,4182.461764440589,-1.209084446371719,9.482572154214722,,
Q2-016,4183.458552093325,-1.2087935655678308,9.481596068254689,,
Q2-016,4184.455339746062,-1.208504335031165,9.480612411151782,,
Q2-016,4185.452127398799,-1.2082167550927494,9.479621188099202,,
Q2-016,4186.448915051536,-1.207930826081764,9.478622404327268,,
Q2-016,4187.445702704273,-1.2076465483255703,9.477616065103419,,
Q2-016,4188.44249035701,-1.207363922149682,9.476602175732012,,
Q2-016,4189.439278009746,-1.207082947877737,9.475580741554367,,
Q2-016,4190.436065662483,-1.206803625831597,9.474551767948526,,
Q2-016,4191.432853315219,-1.2065259563312338,9.473515260329279,,
Q2-016,4192.429640967956,-1.2062499396947715,9.472471224148023,,
Q2-016,4193.4264286206935,-1.205975576238501,9.471419664892679,,
Q2-016,4194.42321627343,-1.20570286627688,9.470360588087573,,
Q2-016,4195.420003926167,-1.2054318101224766,9.46929399929337,,
Q2-016,4196.416791578903,-1.2051624080860535,9.46821990410696,,
Q2-016,4197.41357923164,-1.2048946604764978,9.467138308161395,,
Q2-016,4198.410366884377,-1.2046285676008353,9.466049217125729,,
Q2-016,4199.4071545371135,-1.2043641297642722,9.464952636705021,,
Q2-016,4200.403942189851,-1.204101347270111,9.463848572640131,,
Q2-016,4201.400729842587,-1.203840220419849,9.462737030707672,,
Q2-016,4202.397517495324,-1.2035807495130797,9.461618016719925,,
Q2-016,4203.394305148061,-1.2033229348475771,9.460491536524742,,
Q2-016,4204.391092800797,-1.2030667767192398,9.459357596005376,,
Q2-016,4205.387880453534,-1.2028122754220902,9.45821620108049,,
Q2-016,4206.384668106271,-1.2025594312483179,9.457067357703977,,
Q2-016,4207.381455759008,-1.2023082444882363,9.455911071864875,,
Q2-016,4208.378243411745,-1.2020587154302973,9.454747349587294,,
Q2-016,4209.375031064481,-1.201810844361077,9.453576196930285,,
Q2-016,4210.371818717218,-1.2015646315652901,9.45239761998775,,
Q2-016,4211.368606369955,-1.2013200773257893,9.451211624888316,,
Q2-016,4212.365394022691,-1.2010771819235657,9.450018217795304,,
Q2-016,4213.3621816754285,-1.2008359456377207,9.448817404906507,,
Q2-016,4214.358969328165,-1.2005963687455221,9.447609192454209,,
Q2-016,4215.355756980902,-1.2003584515223054,9.446393586705,,
Q2-016,4216.352544633639,-1.2001221942415867,9.445170593959688,,
Q2-016,4217.349332286375,-1.1998875971750067,9.44394022055323,,
Q2-016,4218.346119939112,-1.1996546605922873,9.442702472854549,,
Q2-016,4219.342907591848,-1.1994233847613174,9.441457357266515,,
Q2-016,4220.3396952445855,-1.1991937699480957,9.440204880225778,,
Q2-016,4221.336482897323,-1.198965816416731,9.438945048202712,,
Q2-016,4222.333270550059,-1.1987395244294845,9.437677867701225,,
Q2-016,4223.330058202796,-1.1985148942467134,9.43640334525874,,
Q2-016,4224.326845855532,-1.198291926126899,9.435121487446025,,
Q2-016,4225.323633508269,-1.198070620326618,9.433832300867138,,
Q2-016,4226.320421161006,-1.1978509771006145,9.432535792159243,,
Q2-016,4227.317208813743,-1.1976329967017278,9.431231967992588,,
Q2-016,4228.31399646648,-1.1974166793808791,9.42992083507032,,
Q2-016,4229.310784119217,-1.1972020253871563,9.428602400128398,,
Q2-016,4230.307571771953,-1.1969890349677144,9.427276669935537,,
Q2-016,4231.30435942469,-1.1967777083678612,9.425943651292982,,
Q2-016,4232.301147077426,-1.1965680458310004,9.424603351034506,,
Q2-016,4233.297934730163,-1.1963600475986311,9.423255776026224,,
Q2-016,4234.2947223829005,-1.1961537139103768,9.421900933166555,,
Q2-016,4235.291510035637,-1.195949045003971,9.42053882938599,,
Q2-016,4236.288297688374,-1.1957460411152425,9.419169471647123,,
Q2-016,4237.28508534111,-1.1955447024781591,9.417792866944424,,
Q2-016,4238.281872993847,-1.1953450293247556,9.416409022304165,,
Q2-016,4239.278660646584,-1.195147021885191,9.415017944784339,,
Q2-016,4240.2754482993205,-1.194950680387734,9.413619641474469,,
Q2-016,4241.272235952058,-1.1947560050587356,9.412214119495559,,
Q2-016,4242.269023604794,-1.1945629961226842,9.410801385999946,,
Q2-016,4243.265811257531,-1.194371653802122,9.409381448171217,,
Q2-016,4244.262598910268,-1.1941819783177436,9.40795431322401,,
Q2-016,4245.259386563004,-1.1939939698883109,9.406519988404028,,
Q2-016,4246.256174215741,-1.1938076287306814,9.405078480987783,,
Q2-016,4247.252961868478,-1.193622955059837,9.40362979828258,,
Q2-016,4248.249749521215,-1.1934399490888552,9.402173947626352,,
Q2-016,4249.246537173952,-1.1932586110288526,9.400710936387554,,
Q2-016,4250.243324826688,-1.1930789410891407,9.399240771965026,,
Q2-016,4251.240112479425,-1.1929009394770418,9.397763461787903,,
Q2-016,4252.236900132162,-1.1927246063980164,9.396279013315507,,
Q2-016,4253.233687784898,-1.1925499420556065,9.394787434037156,,
Q2-016,4254.2304754376355,-1.1923769466514216,9.393288731472111,,
Q2-016,4255.227263090372,-1.1922056203852236,9.391782913169436,,
Q2-016,4256.224050743109,-1.1920359634548134,9.390269986707906,,
Q2-016,4257.224050743109,-1.1920359634548134,9.390269986707906,,
Q2-016,4258.224050743109,-1.1920359634548134,9.390269986707906,,
Q2-016,4259.224050743109,-1.1920359634548134,9.390269986707906,,
Q2-016,4260.224050743109,-1.1920359634548134,9.390269986707906,,
Q2-016,4261.224050743109,-1.1920359634548134,9.390269986707906,,
Q2-016,4262.224050743109,-1.1920359634548134,9.390269986707906,,
Q2-016,4263.224050743109,-1.1920359634548134,9.390269986707906,,
Q2-016,4264.224050743109,-1.1920359634548134,9.390269986707906,,
Q2-016,4265.224050743109,-1.1920359634548134,9.390269986707906,,
Q2-016,4266.224050743109,-1.1920359634548134,9.390269986707906,,
Q2-016,4267.224050743109,-1.1920359634548134,9.390269986707906,,
Q2-016,4268.224050743109,-1.1920359634548134,9.390269986707906,,
Q2-016,4269.224050743109,-1.1920359634548134,9.390269986707906,,
Q2-016,4270.224050743109,-1.1920359634548134,9.390269986707906,,
Q2-016,4271.224050743109,-1.1920359634548134,9.390269986707906,,
Q2-016,4272.224050743109,-1.1920359634548134,9.390269986707906,,
Q2-016,4273.224050743109,-1.1920359634548134,9.390269986707906,,
Q2-016,4274.224050743109,-1.1920359634548134,9.390269986707906,,
Q2-016,4275.224050743109,-1.1920359634548134,9.390269986707906,,
Q2-016,4276.224050743109,-1.1920359634548134,9.390269986707906,,
Q2-016,4277.224050743109,-1.1920359634548134,9.390269986707906,,
Q2-016,4278.224050743109,-1.1920359634548134,9.390269986707906,,
Q2-016,4279.224050743109,-1.1920359634548134,9.390269986707906,,
Q2-016,4280.224050743109,-1.1920359634548134,9.390269986707906,,
Q2-016,4281.224050743109,-1.1920359634548134,9.390269986707906,,
Q2-016,4282.224050743109,-1.1920359634548134,9.390269986707906,,
Q2-016,4283.224050743109,-1.1920359634548134,9.390269986707906,,
Q2-016,4284.224050743109,-1.1920359634548134,9.390269986707906,,
Q2-016,4285.224050743109,-1.1920359634548134,9.390269986707906,,
Q2-016,4286.224050743109,-1.1920359634548134,9.390269986707906,,
Q2-016,4287.224050743109,-1.1920359634548134,9.390269986707906,,
Q2-016,4288.224050743109,-1.1920359634548134,9.390269986707906,,
Q2-016,4289.224050743109,-1.1920359634548134,9.390269986707906,,
Q2-016,4290.224050743109,-1.1920359634548134,9.390269986707906,,
Q2-016,4291.224050743109,-1.1920359634548134,9.390269986707906,,
Q2-016,4292.224050743109,-1.1920359634548134,9.390269986707906,,
Q2-016,4293.224050743109,-1.1920359634548134,9.390269986707906,,
Q2-016,4294.224050743109,-1.1920359634548134,9.390269986707906,,
Q2-016,4295.224050743109,-1.1920359634548134,9.390269986707906,,
Q2-016,4296.224050743109,-1.1920359634548134,9.390269986707906,,
Q2-016,4297.224050743109,-1.1920359634548134,9.390269986707906,,
Q2-016,4298.224050743109,-1.1920359634548134,9.390269986707906,,
Q2-016,4299.224050743109,-1.1920359634548134,9.390269986707906,,
Q2-016,4300.224050743109,-1.1920359634548134,9.390269986707906,,
Q2-016,4301.224050743109,-1.1920359634548134,9.390269986707906,,
Q2-016,4302.224050743109,-1.1920359634548134,9.390269986707906,,
Q2-016,4303.224050743109,-1.1920359634548134,9.390269986707906,,
Q2-016,4304.224050743109,-1.1920359634548134,9.390269986707906,,
Q2-016,4305.224050743109,-1.1920359634548134,9.390269986707906,,
Q2-016,4306.224050743109,-1.1920359634548134,9.390269986707906,,
Q2-016,4307.224050743109,-1.1920359634548134,9.390269986707906,,
Q2-016,4308.224050743109,-1.1920359634548134,9.390269986707906,,
Q2-016,4309.224050743109,-1.1920359634548134,9.390269986707906,,
Q2-016,4310.224050743109,-1.1920359634548134,9.390269986707906,,
Q2-016,4311.224050743109,-1.1920359634548134,9.390269986707906,,
Q2-016,4312.224050743109,-1.1920359634548134,9.390269986707906,,
Q2-016,4313.224050743109,-1.1920359634548134,9.390269986707906,,
Q2-016,4314.224050743109,-1.1920359634548134,9.390269986707906,,
Q2-016,4315.224050743109,-1.1920359634548134,9.390269986707906,,
Q2-016,4316.224050743109,-1.1920359634548134,9.390269986707906,,
Q2-016,4317.224050743109,-1.1920359634548134,9.390269986707906,,
Q2-016,4318.224050743109,-1.1920359634548134,9.390269986707906,,
Q2-016,4319.224050743109,-1.1920359634548134,9.390269986707906,,
Q2-016,4320.224050743109,-1.1920359634548134,9.390269986707906,,
Q2-016,4321.224050743109,-1.1920359634548134,9.390269986707906,,
Q2-016,4322.224050743109,-1.1920359634548134,9.390269986707906,,
Q2-016,4323.224050743109,-1.1920359634548134,9.390269986707906,,
Q2-016,4324.224050743109,-1.1920359634548134,9.390269986707906,,
Q2-016,4325.224050743109,-1.1920359634548134,9.390269986707906,,
Q2-016,4326.224050743109,-1.1920359634548134,9.390269986707906,,
Q2-016,4327.224050743109,-1.1920359634548134,9.390269986707906,,
Q2-016,4328.224050743109,-1.1920359634548134,9.390269986707906,,
Q2-016,4329.224050743109,-1.1920359634548134,9.390269986707906,,
Q2-016,4330.224050743109,-1.1920359634548134,9.390269986707906,,
Q2-016,4331.224050743109,-1.1920359634548134,9.390269986707906,,
Q2-016,4332.224050743109,-1.1920359634548134,9.390269986707906,,
Q2-016,4333.224050743109,-1.1920359634548134,9.390269986707906,,
Q2-016,4334.224050743109,-1.1920359634548134,9.390269986707906,,
Q2-016,4335.224050743109,-1.1920359634548134,9.390269986707906,,
Q2-016,4336.224050743109,-1.1920359634548134,9.390269986707906,,
Q2-016,4337.224050743109,-1.1920359634548134,9.390269986707906,,
Q2-016,4338.224050743109,-1.1920359634548134,9.390269986707906,,
Q2-016,4339.224050743109,-1.1920359634548134,9.390269986707906,,
Q2-016,4340.224050743109,-1.1920359634548134,9.390269986707906,,
Q2-016,4341.224050743109,-1.1920359634548134,9.390269986707906,,
Q2-016,4342.224050743109,-1.1920359634548134,9.390269986707906,,
Q2-016,4343.224050743109,-1.1920359634548134,9.390269986707906,,
Q2-016,4344.224050743109,-1.1920359634548134,9.390269986707906,,
Q2-016,4345.224050743109,-1.1920359634548134,9.390269986707906,,
Q2-016,4346.224050743109,-1.1920359634548134,9.390269986707906,,
Q2-016,4347.224050743109,-1.1920359634548134,9.390269986707906,,
Q2-016,4348.224050743109,-1.1920359634548134,9.390269986707906,,
Q2-016,4349.224050743109,-1.1920359634548134,9.390269986707906,,
Q2-016,4350.224050743109,-1.1920359634548134,9.390269986707906,,
Q2-016,4351.224050743109,-1.1920359634548134,9.390269986707906,,
Q2-016,4352.224050743109,-1.1920359634548134,9.390269986707906,,
Q2-016,4353.224050743109,-1.1920359634548134,9.390269986707906,,
Q2-016,4354.224050743109,-1.1920359634548134,9.390269986707906,,
Q2-016,4355.224050743109,-1.1920359634548134,9.390269986707906,,
Q2-016,4356.224050743109,-1.1920359634548134,9.390269986707906,,
Q2-016,4357.224050743109,-1.1920359634548134,9.390269986707906,,
Q2-016,4358.224050743109,-1.1920359634548134,9.390269986707906,,
Q2-016,4359.224050743109,-1.1920359634548134,9.390269986707906,,
Q2-016,4360.224050743109,-1.1920359634548134,9.390269986707906,,
Q2-016,4361.224050743109,-1.1920359634548134,9.390269986707906,,
Q2-016,4362.224050743109,-1.1920359634548134,9.390269986707906,,
Q2-016,4363.224050743109,-1.1920359634548134,9.390269986707906,,
Q2-016,4364.224050743109,-1.1920359634548134,9.390269986707906,,
Q2-016,4365.224050743109,-1.1920359634548134,9.390269986707906,,
Q2-016,4366.224050743109,-1.1920359634548134,9.390269986707906,,
Q2-016,4367.224050743109,-1.1920359634548134,9.390269986707906,,
Q2-016,4368.224050743109,-1.1920359634548134,9.390269986707906,,
Q2-016,4369.224050743109,-1.1920359634548134,9.390269986707906,,
Q2-016,4370.224050743109,-1.1920359634548134,9.390269986707906,,
Q2-016,4371.224050743109,-1.1920359634548134,9.390269986707906,,
Q2-016,4372.224050743109,-1.1920359634548134,9.390269986707906,,
Q2-016,4373.224050743109,-1.1920359634548134,9.390269986707906,,
Q2-016,4374.224050743109,-1.1920359634548134,9.390269986707906,,
Q2-016,4375.224050743109,-1.1920359634548134,9.390269986707906,,
Q2-016,4376.224050743109,-1.1920359634548134,9.390269986707906,,
Q2-016,4377.224050743109,-1.1920359634548134,9.390269986707906,,
Q2-016,4378.224050743109,-1.1920359634548134,9.390269986707906,,
Q2-016,4379.224050743109,-1.1920359634548134,9.390269986707906,,
Q2-016,4380.224050743109,-1.1920359634548134,9.390269986707906,,
Q2-016,4381.224050743109,-1.1920359634548134,9.390269986707906,,
Q2-016,4382.224050743109,-1.1920359634548134,9.390269986707906,,
Q2-016,4383.224050743109,-1.1920359634548134,9.390269986707906,,
Q2-016,4384.224050743109,-1.1920359634548134,9.390269986707906,,
Q2-016,4385.224050743109,-1.1920359634548134,9.390269986707906,,
Q2-016,4386.224050743109,-1.1920359634548134,9.390269986707906,,
Q2-016,4387.224050743109,-1.1920359634548134,9.390269986707906,,
Q2-016,4388.224050743109,-1.1920359634548134,9.390269986707906,,
Q2-016,4389.224050743109,-1.1920359634548134,9.390269986707906,,
Q2-016,4390.224050743109,-1.1920359634548134,9.390269986707906,,
Q2-016,4391.224050743109,-1.1920359634548134,9.390269986707906,,
Q2-016,4392.224050743109,-1.1920359634548134,9.390269986707906,,
Q2-016,4393.224050743109,-1.1920359634548134,9.390269986707906,,
Q2-016,4394.224050743109,-1.1920359634548134,9.390269986707906,,
Q2-016,4395.224050743109,-1.1920359634548134,9.390269986707906,,
Q2-016,4396.224050743109,-1.1920359634548134,9.390269986707906,,
Q2-016,4397.224050743109,-1.1920359634548134,9.390269986707906,,
Q2-016,4398.224050743109,-1.1920359634548134,9.390269986707906,,
Q2-016,4399.224050743109,-1.1920359634548134,9.390269986707906,,
Q2-016,4400.224050743109,-1.1920359634548134,9.390269986707906,,
Q2-016,4401.224050743109,-1.1920359634548134,9.390269986707906,,
Q2-016,4402.224050743109,-1.1920359634548134,9.390269986707906,,
Q2-016,4403.224050743109,-1.1920359634548134,9.390269986707906,,
Q2-016,4404.224050743109,-1.1920359634548134,9.390269986707906,,
Q2-016,4405.224050743109,-1.1920359634548134,9.390269986707906,,
Q2-016,4406.224050743109,-1.1920359634548134,9.390269986707906,,
Q2-016,4407.224050743109,-1.1920359634548134,9.390269986707906,,
Q2-016,4408.224050743109,-1.1920359634548134,9.390269986707906,,
Q2-016,4409.224050743109,-1.1920359634548134,9.390269986707906,,
Q2-016,4410.224050743109,-1.1920359634548134,9.390269986707906,,
Q2-016,4411.224050743109,-1.1920359634548134,9.390269986707906,,
Q2-016,4412.224050743109,-1.1920359634548134,9.390269986707906,,
Q2-016,4413.224050743109,-1.1920359634548134,9.390269986707906,,
Q2-016,4414.224050743109,-1.1920359634548134,9.390269986707906,,
Q2-016,4415.224050743109,-1.1920359634548134,9.390269986707906,,
Q2-016,4416.224050743109,-1.1920359634548134,9.390269986707906,,
Q2-016,4417.224050743109,-1.1920359634548134,9.390269986707906,,
Q2-016,4418.224050743109,-1.1920359634548134,9.390269986707906,,
Q2-016,4419.224050743109,-1.1920359634548134,9.390269986707906,,
Q2-016,4420.224050743109,-1.1920359634548134,9.390269986707906,,
Q2-016,4421.224050743109,-1.1920359634548134,9.390269986707906,,
Q2-016,4422.224050743109,-1.1920359634548134,9.390269986707906,,
Q2-016,4423.224050743109,-1.1920359634548134,9.390269986707906,,
Q2-016,4424.224050743109,-1.1920359634548134,9.390269986707906,,
Q2-016,4425.224050743109,-1.1920359634548134,9.390269986707906,,
Q2-016,4426.224050743109,-1.1920359634548134,9.390269986707906,,
Q2-016,4427.224050743109,-1.1920359634548134,9.390269986707906,,
Q2-016,4428.224050743109,-1.1920359634548134,9.390269986707906,,
Q2-016,4429.224050743109,-1.1920359634548134,9.390269986707906,,
Q2-016,4430.224050743109,-1.1920359634548134,9.390269986707906,,
Q2-016,4431.224050743109,-1.1920359634548134,9.390269986707906,,
Q2-016,4432.224050743109,-1.1920359634548134,9.390269986707906,,
Q2-016,4433.224050743109,-1.1920359634548134,9.390269986707906,,
Q2-016,4434.224050743109,-1.1920359634548134,9.390269986707906,,
Q2-016,4435.224050743109,-1.1920359634548134,9.390269986707906,,
Q2-016,4436.224050743109,-1.1920359634548134,9.390269986707906,,
Q2-016,4437.224050743109,-1.1920359634548134,9.390269986707906,,
Q2-016,4438.224050743109,-1.1920359634548134,9.390269986707906,,
Q2-016,4439.224050743109,-1.1920359634548134,9.390269986707906,,
Q2-016,4440.224050743109,-1.1920359634548134,9.390269986707906,,
Q2-016,4441.224050743109,-1.1920359634548134,9.390269986707906,,
Q2-016,4442.224050743109,-1.1920359634548134,9.390269986707906,,
Q2-016,4443.224050743109,-1.1920359634548134,9.390269986707906,,
Q2-016,4444.224050743109,-1.1920359634548134,9.390269986707906,,
Q2-016,4445.224050743109,-1.1920359634548134,9.390269986707906,,
Q2-016,4446.224050743109,-1.1920359634548134,9.390269986707906,,
Q2-016,4447.224050743109,-1.1920359634548134,9.390269986707906,,
Q2-016,4448.224050743109,-1.1920359634548134,9.390269986707906,,
Q2-016,4449.224050743109,-1.1920359634548134,9.390269986707906,,
Q2-016,4450.224050743109,-1.1920359634548134,9.390269986707906,,
Q2-016,4451.224050743109,-1.1920359634548134,9.390269986707906,,
Q2-016,4452.224050743109,-1.1920359634548134,9.390269986707906,,
Q2-016,4453.224050743109,-1.1920359634548134,9.390269986707906,,
Q2-016,4454.224050743109,-1.1920359634548134,9.390269986707906,,
Q2-016,4455.224050743109,-1.1920359634548134,9.390269986707906,,
Q2-016,4456.224050743109,-1.1920359634548134,9.390269986707906,,
Q2-016,4457.224050743109,-1.1920359634548134,9.390269986707906,,
Q2-016,4458.224050743109,-1.1920359634548134,9.390269986707906,,
Q2-016,4459.224050743109,-1.1920359634548134,9.390269986707906,,
Q2-016,4460.224050743109,-1.1920359634548134,9.390269986707906,,
Q2-016,4461.224050743109,-1.1920359634548134,9.390269986707906,,
Q2-016,4462.224050743109,-1.1920359634548134,9.390269986707906,,
Q2-016,4463.224050743109,-1.1920359634548134,9.390269986707906,,
Q2-016,4464.224050743109,-1.1920359634548134,9.390269986707906,,
Q2-016,4465.224050743109,-1.1920359634548134,9.390269986707906,,
Q2-016,4466.224050743109,-1.1920359634548134,9.390269986707906,,
Q2-016,4467.224050743109,-1.1920359634548134,9.390269986707906,,
Q2-016,4468.224050743109,-1.1920359634548134,9.390269986707906,,
Q2-016,4469.224050743109,-1.1920359634548134,9.390269986707906,,
Q2-016,4470.224050743109,-1.1920359634548134,9.390269986707906,,
Q2-016,4471.224050743109,-1.1920359634548134,9.390269986707906,,
Q2-016,4472.224050743109,-1.1920359634548134,9.390269986707906,,
Q2-016,4473.219240196234,-1.192247952928966,9.392157012911227,,
Q2-016,4474.214429649359,-1.192462542306572,9.39403296527351,,
Q2-016,4475.209619102484,-1.1926797312017356,9.395897829085044,,
Q2-016,4476.204808555609,-1.1928995192239569,9.397751589708264,,
Q2-016,4477.199998008734,-1.1931219059780744,9.399594232578124,,
Q2-016,4478.195187461859,-1.193346891064337,9.401425743202452,,
Q2-016,4479.190376914984,-1.1935744740783463,9.403246107162332,,
Q2-016,4480.185566368109,-1.1938046546110854,9.405055310112417,,
Q2-016,4481.180755821234,-1.1940374322489333,9.406853337781328,,
Q2-016,4482.175945274359,-1.1942728065736503,9.408640175971996,,
Q2-016,4483.171134727484,-1.1945107771623782,9.410415810562043,,
Q2-016,4484.166324180609,-1.1947513435876544,9.412180227504123,,
Q2-016,4485.161513633733,-1.1949945054174123,9.413933412826239,,
Q2-016,4486.156703086858,-1.1952402622149663,9.415675352632178,,
Q2-016,4487.151892539983,-1.1954886135390552,9.417406033101784,,
Q2-016,4488.147081993108,-1.195739558943771,9.419125440491342,,
Q2-016,4489.142271446233,-1.195993097978672,9.420833561133946,,
Q2-016,4490.137460899358,-1.1962492301886698,9.422530381439827,,
Q2-016,4491.132650352483,-1.1965079551141145,9.424215887896665,,
Q2-016,4492.127839805608,-1.1967692722907515,9.425890067070014,,
Q2-016,4493.123029258733,-1.1970331812497363,9.427552905603577,,
Q2-016,4494.118218711858,-1.1972996815176629,9.429204390219553,,
Q2-016,4495.113408164983,-1.1975687726165347,9.43084450771903,,
Q2-016,4496.108597618108,-1.1978404540637797,9.432473244982276,,
Q2-016,4497.1037870712335,-1.1981147253722355,9.434090588969056,,
Q2-016,4498.0993510620265,-1.2264897964403616,9.416788462715289,,
Q2-016,4499.094915052819,-1.2547733783879522,9.399126000219567,,
Q2-016,4500.090479043612,-1.2829660533010667,9.381107861771426,,
Q2-016,4501.086043034405,-1.311068397786883,9.362738755320265,,
Q2-016,4502.081607025197,-1.3390809830417396,9.344023432931067,,
Q2-016,4503.07717101599,-1.367004374916533,9.324966687265757,,
Q2-016,4504.072735006783,-1.3948391339845472,9.305573348109363,,
Q2-016,4505.068298997575,-1.4225858156047195,9.285848278925243,,
Q2-016,4506.063862988368,-1.4502449699857891,9.265796373458201,,
Q2-016,4507.059426979161,-1.4778171422491226,9.245422552383445,,
Q2-016,4508.054990969954,-1.5053028724908586,9.224731760006605,,
Q2-016,4509.050554960746,-1.532702695841465,9.203728961012615,,
Q2-016,4510.046118951539,-1.5600171425278688,9.182419137280718,,
Q2-016,4511.041682942332,-1.5872467379314372,9.160807284750447,,
Q2-016,4512.037246933124,-1.6143920026453316,9.138898410349924,,
Q2-016,4513.032810923917,-1.6414534525338667,9.116697528997165,,
Q2-016,4514.02837491471,-1.6684315987876204,9.094209660659132,,
Q2-016,4515.023938905502,-1.6953269479796234,9.071439827484213,,
Q2-016,4516.019502896295,-1.7221400021200992,9.048393051004894,,
Q2-016,4517.015066887088,-1.7488712587106505,9.025074349412677,,
Q2-016,4518.01063087788,-1.77552121079745,9.001488734907042,,
Q2-016,4519.006194868673,-1.8020903470238636,8.977641211119632,,
Q2-016,4520.0017588594665,-1.8285791516824048,8.953536770615486,,
Q2-016,4520.997322850259,-1.8549881047645584,8.929180392467174,,
Q2-016,4521.992886841052,-1.8813176820128774,8.904577039915424,,
Q2-016,4522.988450831845,-1.9075683549692997,8.879731658099473,,
Q2-016,4523.984014822637,-1.9337405910242467,8.85464917187052,,
Q2-016,4524.97957881343,-1.9598348534648125,8.829334483683468,,
Q2-016,4525.975142804223,-1.9858516015221426,8.803792471567519,,
Q2-016,4526.970706795015,-2.0117912904182162,8.778027987175875,,
Q2-016,4527.966270785808,-2.037654371411932,8.752045853914254,,
Q2-016,4528.961834776601,-2.063441291844896,8.725850865148487,,
Q2-016,4529.957398767394,-2.0891524951852176,8.699447782487056,,
Q2-016,4530.952962758186,-2.1147884210724044,8.672841334144863,,
Q2-016,4531.948526748979,-2.1403495053614137,8.64603621338361,,
Q2-016,4532.944090739772,-2.165836180164746,8.619037077024188,,
Q2-016,4533.939654730564,-2.191248873895006,8.59184854403712,,
Q2-016,4534.935218721357,-2.21658801130674,8.564475194206153,,
Q2-016,4535.93078271215,-2.2418540135375054,8.536921566864734,,
Q2-016,4536.926346702942,-2.267047298148512,8.509192159704256,,
Q2-016,4537.921910693735,-2.292168279164642,8.481291427652721,,
Q2-016,4538.917474684528,-2.3172173671141962,8.453223781823311,,
Q2-016,4539.91303867532,-2.342194969066668,8.424993588527443,,
Q2-016,4540.908602666113,-2.367101488672887,8.396605168360992,,
Q2-016,4541.904166656906,-2.391937326201713,8.368062795348848,,
Q2-016,4542.899730647699,-2.4167028785755917,8.339370696160628,,
Q2-016,4543.895294638492,-2.441398539415786,8.310533049365603,,
Q2-016,4544.890858629285,-2.4660246990661108,8.281553984792453,,
Q2-016,4545.886422620077,-2.4905817446371543,8.252437582903411,,
Q2-016,4546.88198661087,-2.515070060039619,8.223187874247785,,
Q2-016,4547.877550601663,-2.5394900260196778,8.193808838967968,,
Q2-016,4548.873114592456,-2.563842020191146,8.16430440635311,,
Q2-016,4549.868678583248,-2.588126417072857,8.134678454457628,,
Q2-016,4550.864242574041,-2.6123435881198986,8.104934809757836,,
Q2-016,4551.859806564834,-2.636493901757177,8.075077246863842,,
Q2-016,4552.855370555626,-2.660577723412075,8.045109488277632,,
Q2-016,4553.850934546419,-2.684595415546582,8.015035204196721,,
Q2-016,4554.846498537212,-2.7085473376890548,7.984858012362082,,
Q2-016,4555.842062528004,-2.732433846465568,7.954581477948281,,
Q2-016,4556.837626518797,-2.7562552956310924,7.924209113495209,,
Q2-016,4557.83319050959,-2.7800120360988245,7.893744378876207,,
Q2-016,4558.828754500382,-2.803704415972092,7.863190681309447,,
Q2-016,4559.824318491175,-2.8273327805728172,7.832551375399774,,
Q2-016,4560.819882481968,-2.8508974724712175,7.801829763218024,,
Q2-016,4561.81544647276,-2.874398831514654,7.771029094412825,,
Q2-016,4562.811010463553,-2.8978371948562938,7.7401525663539275,,
Q2-016,4563.806574454346,-2.9212128969832065,7.709203324305719,,
Q2-016,4564.802138445139,-2.944526269744273,7.678184461629428,,
Q2-016,4565.797702435932,-2.967777642377868,7.647099020013158,,
Q2-016,4566.793266426725,-2.9909673415381803,7.615949989725749,,
Q2-016,4567.788830417518,-3.014095691322538,7.584740309897924,,
Q2-016,4568.78439440831,-3.037163013298354,7.5534728688264465,,
Q2-016,4569.779958399103,-3.0601696265283778,7.522150504298139,,
Q2-016,4570.775522389896,-3.083115847596787,7.490776003936347,,
Q2-016,4571.771086380688,-3.106001990634539,7.45935210556668,,
Q2-016,4572.766650371481,-3.1288283673444965,7.427881497601064,,
Q2-016,4573.762214362274,-3.151595287026254,7.396366819439095,,
Q2-016,4574.757778353066,-3.17430305660082,7.364810661885912,,
Q2-016,4575.753342343859,-3.196951980633713,7.333215567582954,,
Q2-016,4576.748906334652,-3.2195423613604817,7.301584031457253,,
Q2-016,4577.744470325444,-3.2420744987091155,7.269918501179248,,
Q2-016,4578.740034316237,-3.264548690323636,7.238221377634844,,
Q2-016,4579.73559830703,-3.2869652315870894,7.206495015408251,,
Q2-016,4580.731162297822,-3.3093244156441273,7.174741723274934,,
Q2-016,4581.726726288615,-3.3316265334235453,7.142963764703978,,
Q2-016,4582.722290279408,-3.3538718736603244,7.111163358368927,,
Q2-016,4583.7178542702,-3.3760607229177992,7.079342678666649,,
Q2-016,4584.713418260993,-3.3981933656081367,7.047503856241207,,
Q2-016,4585.708982251786,-3.4202700840152858,7.015648978517845,,
Q2-016,4586.7045462425785,-3.4422911583149585,6.9837800902383975,,
Q2-016,4587.700110233372,-3.4642568665959885,6.951899194003815,,
Q2-016,4588.695674224165,-3.486167484879786,6.920008250818611,,
Q2-016,4589.691238214958,-3.508023287142194,6.888109180642417,,
Q2-016,4590.68680220575,-3.5298245453325734,6.856203862940646,,
Q2-016,4591.682366196543,-3.5515715293937546,6.824294137239349,,
Q2-016,4592.677930187336,-3.5732645072817206,6.792381803681479,,
Q2-016,4593.673494178128,-3.5949037449851033,6.760468623584572,,
Q2-016,4594.669058168921,-3.6164895065432887,6.728556319997523,,
Q2-016,4595.664622159714,-3.6380220540668233,6.696646578260996,,
Q2-016,4596.660186150506,-3.6595016477550644,6.664741046564117,,
Q2-016,4597.655750141299,-3.680928545914739,6.632841336502338,,
Q2-016,4598.651314132092,-3.7023030049782903,6.600949023633859,,
Q2-016,4599.646878122884,-3.723625279521741,6.56906564803451,,
Q2-016,4600.642442113677,-3.7448956222825416,6.537192714850974,,
Q2-016,4601.63800610447,-3.7661142841770783,6.505331694851776,,
Q2-016,4602.633570095262,-3.7872815143182663,6.473484024976017,,
Q2-016,4603.629134086055,-3.8083975600317217,6.441651108878062,,
Q2-016,4604.624698076848,-3.8294626668742353,6.409834317471848,,
Q2-016,4605.62026206764,-3.850477078649405,6.378034989469086,,
Q2-016,4606.615826058433,-3.8714410374245602,6.346254431915241,,
Q2-016,4607.611390049226,-3.8923547835470345,6.314493920721446,,
Q2-016,4608.6069540400185,-3.9132185556605634,6.282754701192559,,
Q2-016,4609.602518030812,-3.9340325907203635,6.251037988549726,,
Q2-016,4610.598082021605,-3.954797124010298,6.219344968451054,,
Q2-016,4611.593646012398,-3.9755123891577995,6.187676797505262,,
Q2-016,4612.58921000319,-3.996178618148548,6.156034603780711,,
Q2-016,4613.584773993983,-4.016796041343184,6.124419487311599,,
Q2-016,4614.580337984776,-4.037364887491378,6.09283252059663,,
Q2-016,4615.575901975568,-4.057885383747006,6.061274749093769,,
Q2-016,4616.571465966361,-4.078357755682902,6.029747191709305,,
Q2-016,4617.567029957154,-4.098782227305321,5.9982508412815605,,
Q2-016,4618.562593947946,-4.119159021068413,5.966786665059118,,
Q2-016,4619.558157938739,-4.139488357888439,5.935355605173299,,
Q2-016,4620.553721929532,-4.159770457158061,5.903958579105321,,
Q2-016,4621.549285920324,-4.180005536759282,5.872596480146484,,
Q2-016,4622.544849911117,-4.200193813078656,5.841270177854881,,
Q2-016,4623.54041390191,-4.2203355010199175,5.809980518503849,,
Q2-016,4624.535977892702,-4.2404308140176425,5.778728325525876,,
Q2-016,4625.531541883495,-4.26047996405056,5.7475143999500915,,
Q2-016,4626.527105874288,-4.2804831616547006,5.716339520833984,,
Q2-016,4627.52266986508,-4.300440615936367,5.685204445689038,,
Q2-016,4628.518233855873,-4.320352534584998,5.654109910900431,,
Q2-016,4629.513797846666,-4.340219123886314,5.623056632141015,,
Q2-016,4630.509361837459,-4.360040588733057,5.592045304777486,,
Q2-016,4631.5049258282515,-4.379817132640184,5.561076604274291,,
Q2-016,4632.500489819045,-4.3995489577553,5.53015118658773,,
Q2-016,4633.496053809838,-4.419236264871259,5.499269688555998,,
Q2-016,4634.49161780063,-4.4388792534365535,5.468432728286544,,
Q2-016,4635.487181791423,-4.458478121573819,5.43764090551899,,
Q2-016,4636.482745782216,-4.4780330660815935,5.4068948020191385,,
Q2-016,4637.478309773008,-4.4975442824526795,5.376194981930055,,
Q2-016,4638.473873763801,-4.517011964884077,5.3455419921359635,,
Q2-016,4639.469437754594,-4.536436306287584,5.314936362615782,,
Q2-016,4640.465001745386,-4.555817498302304,5.284378606792501,,
Q2-016,4641.460565736179,-4.575155731304932,5.253869221875178,,
Q2-016,4642.456129726972,-4.594451194420941,5.2234086891960345,,
Q2-016,4643.451693717764,-4.613704075535466,5.192997474541727,,
Q2-016,4644.447257708557,-4.632914561304148,5.162636028478985,,
Q2-016,4645.44282169935,-4.652082837163704,5.132324786674772,,
Q2-016,4646.438385690142,-4.671209087342504,5.102064170210738,,
Q2-016,4647.433949680935,-4.690293494871426,5.071854585892709,,
Q2-016,4648.429513671728,-4.7093362415924105,5.041696426553273,,
Q2-016,4649.425077662521,-4.728337508171322,5.011590071351748,,
Q2-016,4650.420641653313,-4.7472974741062615,4.98153588606624,,
Q2-016,4651.416205644106,-4.766216317737985,4.951534223381685,,
Q2-016,4652.411769634899,-4.785094216259836,4.921585423172502,,
Q2-016,4653.4073336256915,-4.803931345727477,4.891689812780271,,
Q2-016,4654.402897616485,-4.822727881068573,4.8618477072861594,,
Q2-016,4655.398461607278,-4.841483996092364,4.832059409778481,,
Q2-016,4656.39402559807,-4.860199863499133,4.802325211615255,,
Q2-016,4657.389589588863,-4.878875654889811,4.772645392682222,,
Q2-016,4658.385153579656,-4.897511540774332,4.743020221645224,,
Q2-016,4659.380717570448,-4.916107690582223,4.7134499561991845,,
Q2-016,4660.376281561241,-4.934664272670659,4.683934843311221,,
Q2-016,4661.371845552034,-4.953181454333787,4.654475119459775,,
Q2-016,4662.367409542826,-4.971659401811564,4.625071010869036,,
Q2-016,4663.362973533619,-4.9900982802985965,4.595722733738967,,
Q2-016,4664.358537524412,-5.008498253952766,4.566430494470865,,
Q2-016,4665.354101515204,-5.026859485903955,4.537194489888677,,
Q2-016,4666.349665505997,-5.045182138262703,4.50801490745603,,
Q2-016,4667.34522949679,-5.063466372128076,4.478891925488782,,
Q2-016,4668.340793487583,-5.081712347596351,4.449825713363907,,
Q2-016,4669.336357478375,-5.099920223769843,4.4208164317241625,,
Q2-016,4670.331921469168,-5.118090158764346,4.391864232678486,,
Q2-016,4671.327485459961,-5.1362223097174535,4.3629692599986925,,
Q2-016,4672.323049450753,-5.154316832796638,4.334131649312241,,
Q2-016,4673.318613441546,-5.172373883207143,4.305351528291126,,
Q2-016,4674.314177432339,-5.190393615199838,4.276629016837163,,
Q2-016,4675.3097414231315,-5.208376182079235,4.247964227263495,,
Q2-016,4676.3053054139245,-5.226321736210295,4.2193572644721655,,
Q2-016,4677.300869404718,-5.24423042902734,4.190808226128894,,
Q2-016,4678.29643339551,-5.262102411040772,4.162317202833606,,
Q2-016,4679.291997386303,-5.279937831844705,4.1338842782877805,,
Q2-016,4680.267664154145,-5.279853707972734,4.133510183243601,,
Q2-016,4681.243330921987,-5.279770208973744,4.133133941640992,,
Q2-016,4682.218997689829,-5.279687334883803,4.132755554040614,,
Q2-016,4683.194664457671,-5.279605085738737,4.132375021006169,,
Q2-016,4684.170331225513,-5.279523461574058,4.131992343104486,,
Q2-016,4685.145997993355,-5.279442462425067,4.131607520905419,,
Q2-016,4686.121664761197,-5.279362088326735,4.131220554981937,,
Q2-016,4687.097331529039,-5.279282339313795,4.1308314459100615,,
Q2-016,4688.072998296881,-5.279203215420722,4.1304401942688855,,
Q2-016,4689.0486650647235,-5.279124716681707,4.130046800640585,,
Q2-016,4690.024331832566,-5.279046843130672,4.129651265610363,,
Q2-016,4690.999998600408,-5.278969594801282,4.129253589766535,,
Q2-016,4691.97566536825,-5.278892971726918,4.128853773700428,,
Q2-016,4692.951332136092,-5.2788169739406925,4.12845181800644,,
Q2-016,4693.926998903934,-5.278741601475474,4.128047723282037,,
Q2-016,4694.902665671776,-5.27866685436382,4.127641490127701,,
Q2-016,4695.878332439618,-5.27859273263806,4.127233119146993,,
Q2-016,4696.85399920746,-5.27851923633024,4.1268226109464905,,
Q2-016,4697.829665975301,-5.278446365472121,4.126409966135839,,
Q2-016,4698.8053327431435,-5.278374120095222,4.125995185327696,,
Q2-016,4699.780999510986,-5.278302500230751,4.125578269137762,,
Q2-016,4700.756666278828,-5.278231505909716,4.125159218184777,,
Q2-016,4701.73233304667,-5.278161137162783,4.124738033090509,,
Q2-016,4702.707999814512,-5.278091394020393,4.124314714479723,,
Q2-016,4703.683666582354,-5.2780222765126865,4.123889262980242,,
Q2-016,4704.659333350196,-5.277953784669577,4.123461679222899,,
Q2-016,4705.635000118038,-5.277885918520667,4.123031963841527,,
Q2-016,4706.61066688588,-5.277818678095315,4.122600117472999,,
Q2-016,4707.586333653722,-5.2777520634225965,4.122166140757159,,
Q2-016,4708.562000421564,-5.277686074531331,4.121730034336892,,
Q2-016,4709.537667189406,-5.277620711450055,4.121291798858081,,
Q2-016,4710.5133339572485,-5.277555974207019,4.120851434969595,,
Q2-016,4711.489000725091,-5.27749186283026,4.120408943323312,,
Q2-016,4712.464667492933,-5.277428377347491,4.119964324574099,,
Q2-016,4713.440334260775,-5.27736551778618,4.119517579379817,,
Q2-016,4714.416001028617,-5.277303284173513,4.119068708401315,,
Q2-016,4715.391667796459,-5.27724167653642,4.118617712302424,,
Q2-016,4716.391667796459,-5.27724167653642,4.118617712302424,,
Q2-016,4717.391667796459,-5.27724167653642,4.118617712302424,,
Q2-016,4718.391667796459,-5.27724167653642,4.118617712302424,,
Q2-016,4719.391667796459,-5.27724167653642,4.118617712302424,,
Q2-016,4720.391667796459,-5.27724167653642,4.118617712302424,,
Q2-016,4721.391667796459,-5.27724167653642,4.118617712302424,,
Q2-016,4722.391667796459,-5.27724167653642,4.118617712302424,,
Q2-016,4723.391667796459,-5.27724167653642,4.118617712302424,,
Q2-016,4724.391667796459,-5.27724167653642,4.118617712302424,,
Q2-016,4725.391667796459,-5.27724167653642,4.118617712302424,,
Q2-016,4726.391667796459,-5.27724167653642,4.118617712302424,,
Q2-016,4727.391667796459,-5.27724167653642,4.118617712302424,,
Q2-016,4728.391667796459,-5.27724167653642,4.118617712302424,,
Q2-016,4729.391667796459,-5.27724167653642,4.118617712302424,,
Q2-016,4730.391667796459,-5.27724167653642,4.118617712302424,,
Q2-016,4731.391667796459,-5.27724167653642,4.118617712302424,,
Q2-016,4732.391667796459,-5.27724167653642,4.118617712302424,,
Q2-016,4733.391667796459,-5.27724167653642,4.118617712302424,,
Q2-016,4734.391667796459,-5.27724167653642,4.118617712302424,,
Q2-016,4735.391667796459,-5.27724167653642,4.118617712302424,,
Q2-016,4736.391667796459,-5.27724167653642,4.118617712302424,,
Q2-016,4737.391667796459,-5.27724167653642,4.118617712302424,,
Q2-016,4738.391667796459,-5.27724167653642,4.118617712302424,,
Q2-016,4739.391667796459,-5.27724167653642,4.118617712302424,,
Q2-016,4740.391667796459,-5.27724167653642,4.118617712302424,,
Q2-016,4741.391667796459,-5.27724167653642,4.118617712302424,,
Q2-016,4742.391667796459,-5.27724167653642,4.118617712302424,,
Q2-016,4743.391667796459,-5.27724167653642,4.118617712302424,,
Q2-016,4744.391667796459,-5.27724167653642,4.118617712302424,,
Q2-016,4745.391667796459,-5.27724167653642,4.118617712302424,,
Q2-016,4746.391667796459,-5.27724167653642,4.118617712302424,,
Q2-016,4747.391667796459,-5.27724167653642,4.118617712302424,,
Q2-016,4748.391667796459,-5.27724167653642,4.118617712302424,,
Q2-016,4749.391667796459,-5.27724167653642,4.118617712302424,,
Q2-016,4750.391667796459,-5.27724167653642,4.118617712302424,,
Q2-016,4751.391667796459,-5.27724167653642,4.118617712302424,,
Q2-016,4752.391667796459,-5.27724167653642,4.118617712302424,,
Q2-016,4753.391667796459,-5.27724167653642,4.118617712302424,,
Q2-016,4754.391667796459,-5.27724167653642,4.118617712302424,,
Q2-016,4755.391667796459,-5.27724167653642,4.118617712302424,,
Q2-016,4756.391667796459,-5.27724167653642,4.118617712302424,,
Q2-016,4757.391667796459,-5.27724167653642,4.118617712302424,,
Q2-016,4758.391667796459,-5.27724167653642,4.118617712302424,,
Q2-016,4759.391667796459,-5.27724167653642,4.118617712302424,,
Q2-016,4760.391667796459,-5.27724167653642,4.118617712302424,,
Q2-016,4761.391667796459,-5.27724167653642,4.118617712302424,,
Q2-016,4762.391667796459,-5.27724167653642,4.118617712302424,,
Q2-016,4763.391667796459,-5.27724167653642,4.118617712302424,,
Q2-016,4764.391667796459,-5.27724167653642,4.118617712302424,,
Q2-016,4765.391667796459,-5.27724167653642,4.118617712302424,,
Q2-016,4766.391667796459,-5.27724167653642,4.118617712302424,,
Q2-016,4767.391667796459,-5.27724167653642,4.118617712302424,,
Q2-016,4768.391667796459,-5.27724167653642,4.118617712302424,,
Q2-016,4769.391667796459,-5.27724167653642,4.118617712302424,,
Q2-016,4770.391667796459,-5.27724167653642,4.118617712302424,,
Q2-016,4771.391667796459,-5.27724167653642,4.118617712302424,,
Q2-016,4772.391667796459,-5.27724167653642,4.118617712302424,,
Q2-016,4773.391667796459,-5.27724167653642,4.118617712302424,,
Q2-016,4774.391667796459,-5.27724167653642,4.118617712302424,,
Q2-016,4775.391667796459,-5.27724167653642,4.118617712302424,,
Q2-016,4776.391667796459,-5.27724167653642,4.118617712302424,,
Q2-016,4777.391667796459,-5.27724167653642,4.118617712302424,,
Q2-016,4778.391667796459,-5.27724167653642,4.118617712302424,,
Q2-016,4779.391667796459,-5.27724167653642,4.118617712302424,,
Q2-016,4780.391667796459,-5.27724167653642,4.118617712302424,,
Q2-016,4781.391667796459,-5.27724167653642,4.118617712302424,,
Q2-016,4782.391667796459,-5.27724167653642,4.118617712302424,,
Q2-016,4783.391667796459,-5.27724167653642,4.118617712302424,,
Q2-016,4784.391667796459,-5.27724167653642,4.118617712302424,,
Q2-016,4785.391667796459,-5.27724167653642,4.118617712302424,,
Q2-016,4786.391667796459,-5.27724167653642,4.118617712302424,,
Q2-016,4787.391667796459,-5.27724167653642,4.118617712302424,,
Q2-016,4788.391667796459,-5.27724167653642,4.118617712302424,,
Q2-016,4789.391667796459,-5.27724167653642,4.118617712302424,,
Q2-016,4790.391667796459,-5.27724167653642,4.118617712302424,,
Q2-016,4791.391667796459,-5.27724167653642,4.118617712302424,,
Q2-016,4792.391667796459,-5.27724167653642,4.118617712302424,,
Q2-016,4793.391667796459,-5.27724167653642,4.118617712302424,,
Q2-016,4794.391667796459,-5.27724167653642,4.118617712302424,,
Q2-016,4795.391667796459,-5.27724167653642,4.118617712302424,,
Q2-016,4796.391667796459,-5.27724167653642,4.118617712302424,,
Q2-016,4797.391667796459,-5.27724167653642,4.118617712302424,,
Q2-016,4798.391667796459,-5.27724167653642,4.118617712302424,,
Q2-016,4799.391667796459,-5.27724167653642,4.118617712302424,,
Q2-016,4800.391667796459,-5.27724167653642,4.118617712302424,,
Q2-016,4801.391667796459,-5.27724167653642,4.118617712302424,,
Q2-016,4802.391667796459,-5.27724167653642,4.118617712302424,,
Q2-016,4803.391667796459,-5.27724167653642,4.118617712302424,,
Q2-016,4804.391667796459,-5.27724167653642,4.118617712302424,,
Q2-016,4805.391667796459,-5.27724167653642,4.118617712302424,,
Q2-016,4806.391667796459,-5.27724167653642,4.118617712302424,,
Q2-016,4807.391667796459,-5.27724167653642,4.118617712302424,,
Q2-016,4808.391667796459,-5.27724167653642,4.118617712302424,,
Q2-016,4809.391667796459,-5.27724167653642,4.118617712302424,,
Q2-016,4810.391667796459,-5.27724167653642,4.118617712302424,,
Q2-016,4811.391667796459,-5.27724167653642,4.118617712302424,,
Q2-016,4812.391667796459,-5.27724167653642,4.118617712302424,,
Q2-016,4813.391667796459,-5.27724167653642,4.118617712302424,,
Q2-016,4814.391667796459,-5.27724167653642,4.118617712302424,,
Q2-016,4815.391667796459,-5.27724167653642,4.118617712302424,,
Q2-016,4816.391667796459,-5.27724167653642,4.118617712302424,,
Q2-016,4817.391667796459,-5.27724167653642,4.118617712302424,,
Q2-016,4818.391667796459,-5.27724167653642,4.118617712302424,,
Q2-016,4819.391667796459,-5.27724167653642,4.118617712302424,,
Q2-016,4820.391667796459,-5.27724167653642,4.118617712302424,,
Q2-016,4821.391667796459,-5.27724167653642,4.118617712302424,,
Q2-016,4822.391667796459,-5.27724167653642,4.118617712302424,,
Q2-016,4823.391667796459,-5.27724167653642,4.118617712302424,,
Q2-016,4824.391667796459,-5.27724167653642,4.118617712302424,,
Q2-016,4825.391667796459,-5.27724167653642,4.118617712302424,,
Q2-016,4826.391667796459,-5.27724167653642,4.118617712302424,,
Q2-016,4827.391667796459,-5.27724167653642,4.118617712302424,,
Q2-016,4828.391667796459,-5.27724167653642,4.118617712302424,,
Q2-016,4829.391667796459,-5.27724167653642,4.118617712302424,,
Q2-016,4830.391667796459,-5.27724167653642,4.118617712302424,,
Q2-016,4831.391667796459,-5.27724167653642,4.118617712302424,,
Q2-016,4832.391667796459,-5.27724167653642,4.118617712302424,,
Q2-016,4833.391667796459,-5.27724167653642,4.118617712302424,,
Q2-016,4834.391667796459,-5.27724167653642,4.118617712302424,,
Q2-016,4835.391667796459,-5.27724167653642,4.118617712302424,,
Q2-016,4836.391667796459,-5.27724167653642,4.118617712302424,,
Q2-016,4837.391667796459,-5.27724167653642,4.118617712302424,,
Q2-016,4838.391667796459,-5.27724167653642,4.118617712302424,,
Q2-016,4839.391667796459,-5.27724167653642,4.118617712302424,,
Q2-016,4840.391667796459,-5.27724167653642,4.118617712302424,,
Q2-016,4841.391667796459,-5.27724167653642,4.118617712302424,,
Q2-016,4842.391667796459,-5.27724167653642,4.118617712302424,,
Q2-016,4843.391667796459,-5.27724167653642,4.118617712302424,,
Q2-016,4844.391667796459,-5.27724167653642,4.118617712302424,,
Q2-016,4845.391667796459,-5.27724167653642,4.118617712302424,,
Q2-016,4846.391667796459,-5.27724167653642,4.118617712302424,,
Q2-016,4847.391667796459,-5.27724167653642,4.118617712302424,,
Q2-016,4848.391667796459,-5.27724167653642,4.118617712302424,,
Q2-016,4849.391667796459,-5.27724167653642,4.118617712302424,,
Q2-016,4850.391667796459,-5.27724167653642,4.118617712302424,,
Q2-016,4851.391667796459,-5.27724167653642,4.118617712302424,,
Q2-016,4852.391667796459,-5.27724167653642,4.118617712302424,,
Q2-016,4853.391667796459,-5.27724167653642,4.118617712302424,,
Q2-016,4854.391667796459,-5.27724167653642,4.118617712302424,,
Q2-016,4855.391667796459,-5.27724167653642,4.118617712302424,,
Q2-016,4856.391667796459,-5.27724167653642,4.118617712302424,,
Q2-016,4857.391667796459,-5.27724167653642,4.118617712302424,,
Q2-016,4858.391667796459,-5.27724167653642,4.118617712302424,,
Q2-016,4859.391667796459,-5.27724167653642,4.118617712302424,,
Q2-016,4860.391667796459,-5.27724167653642,4.118617712302424,,
Q2-016,4861.391667796459,-5.27724167653642,4.118617712302424,,
Q2-016,4862.391667796459,-5.27724167653642,4.118617712302424,,
Q2-016,4863.391667796459,-5.27724167653642,4.118617712302424,,
Q2-016,4864.391667796459,-5.27724167653642,4.118617712302424,,
Q2-016,4865.391667796459,-5.27724167653642,4.118617712302424,,
Q2-016,4866.391667796459,-5.27724167653642,4.118617712302424,,
Q2-016,4867.391667796459,-5.27724167653642,4.118617712302424,,
Q2-016,4868.391667796459,-5.27724167653642,4.118617712302424,,
Q2-016,4869.391667796459,-5.27724167653642,4.118617712302424,,
Q2-016,4870.391667796459,-5.27724167653642,4.118617712302424,,
Q2-016,4871.391667796459,-5.27724167653642,4.118617712302424,,
Q2-016,4872.391667796459,-5.27724167653642,4.118617712302424,,
Q2-016,4873.391667796459,-5.27724167653642,4.118617712302424,,
Q2-016,4874.391667796459,-5.27724167653642,4.118617712302424,,
Q2-016,4875.391667796459,-5.27724167653642,4.118617712302424,,
Q2-016,4876.391667796459,-5.27724167653642,4.118617712302424,,
Q2-016,4877.391667796459,-5.27724167653642,4.118617712302424,,
Q2-016,4878.391667796459,-5.27724167653642,4.118617712302424,,
Q2-016,4879.391667796459,-5.27724167653642,4.118617712302424,,
Q2-016,4880.391667796459,-5.27724167653642,4.118617712302424,,
Q2-016,4881.391667796459,-5.27724167653642,4.118617712302424,,
Q2-016,4882.391667796459,-5.27724167653642,4.118617712302424,,
Q2-016,4883.391667796459,-5.27724167653642,4.118617712302424,,
Q2-016,4884.391667796459,-5.27724167653642,4.118617712302424,,
Q2-016,4885.391667796459,-5.27724167653642,4.118617712302424,,
Q2-016,4886.391667796459,-5.27724167653642,4.118617712302424,,
Q2-016,4887.391667796459,-5.27724167653642,4.118617712302424,,
Q2-016,4888.391667796459,-5.27724167653642,4.118617712302424,,
Q2-016,4889.391667796459,-5.27724167653642,4.118617712302424,,
Q2-016,4890.391667796459,-5.27724167653642,4.118617712302424,,
Q2-016,4891.391667796459,-5.27724167653642,4.118617712302424,,
Q2-016,4892.391667796459,-5.27724167653642,4.118617712302424,,
Q2-016,4893.391667796459,-5.27724167653642,4.118617712302424,,
Q2-016,4894.391667796459,-5.27724167653642,4.118617712302424,,
Q2-016,4895.391667796459,-5.27724167653642,4.118617712302424,,
Q2-016,4896.391667796459,-5.27724167653642,4.118617712302424,,
Q2-016,4897.391667796459,-5.27724167653642,4.118617712302424,,
Q2-016,4898.391667796459,-5.27724167653642,4.118617712302424,,
Q2-016,4899.391667796459,-5.27724167653642,4.118617712302424,,
Q2-016,4900.391667796459,-5.27724167653642,4.118617712302424,,
Q2-016,4901.391667796459,-5.27724167653642,4.118617712302424,,
Q2-016,4902.391667796459,-5.27724167653642,4.118617712302424,,
Q2-016,4903.391667796459,-5.27724167653642,4.118617712302424,,
Q2-016,4904.391667796459,-5.27724167653642,4.118617712302424,,
Q2-016,4905.391667796459,-5.27724167653642,4.118617712302424,,
Q2-016,4906.391667796459,-5.27724167653642,4.118617712302424,,
Q2-016,4907.391667796459,-5.27724167653642,4.118617712302424,,
Q2-016,4908.391667796459,-5.27724167653642,4.118617712302424,,
Q2-016,4909.391667796459,-5.27724167653642,4.118617712302424,,
Q2-016,4910.391667796459,-5.27724167653642,4.118617712302424,,
Q2-016,4911.391667796459,-5.27724167653642,4.118617712302424,,
Q2-016,4912.391667796459,-5.27724167653642,4.118617712302424,,
Q2-016,4913.391667796459,-5.27724167653642,4.118617712302424,,
Q2-016,4914.391667796459,-5.27724167653642,4.118617712302424,,
Q2-016,4915.391667796459,-5.27724167653642,4.118617712302424,,
Q2-016,4916.391667796459,-5.27724167653642,4.118617712302424,,
Q2-016,4917.391667796459,-5.27724167653642,4.118617712302424,,
Q2-016,4918.391667796459,-5.27724167653642,4.118617712302424,,
Q2-016,4919.391667796459,-5.27724167653642,4.118617712302424,,
Q2-016,4920.391667796459,-5.27724167653642,4.118617712302424,,
Q2-016,4921.391667796459,-5.27724167653642,4.118617712302424,,
Q2-016,4922.391667796459,-5.27724167653642,4.118617712302424,,
Q2-016,4923.391667796459,-5.27724167653642,4.118617712302424,,
Q2-016,4924.391667796459,-5.27724167653642,4.118617712302424,,
Q2-016,4925.391667796459,-5.27724167653642,4.118617712302424,,
Q2-016,4926.391667796459,-5.27724167653642,4.118617712302424,,
Q2-016,4927.391667796459,-5.27724167653642,4.118617712302424,,
Q2-016,4928.391667796459,-5.27724167653642,4.118617712302424,,
Q2-016,4929.391667796459,-5.27724167653642,4.118617712302424,,
Q2-016,4930.391667796459,-5.27724167653642,4.118617712302424,,
Q2-016,4931.391667796459,-5.27724167653642,4.118617712302424,,
Q2-016,4932.391667796459,-5.27724167653642,4.118617712302424,,
Q2-016,4933.391667796459,-5.27724167653642,4.118617712302424,,
Q2-016,4934.391667796459,-5.27724167653642,4.118617712302424,,
Q2-016,4935.391667796459,-5.27724167653642,4.118617712302424,,
Q2-016,4936.391667796459,-5.27724167653642,4.118617712302424,,
Q2-016,4937.391667796459,-5.27724167653642,4.118617712302424,,
Q2-016,4938.391667796459,-5.27724167653642,4.118617712302424,,
Q2-016,4939.391667796459,-5.27724167653642,4.118617712302424,,
Q2-016,4940.391667796459,-5.27724167653642,4.118617712302424,,
Q2-016,4941.391667796459,-5.27724167653642,4.118617712302424,,
Q2-016,4942.391667796459,-5.27724167653642,4.118617712302424,,
Q2-016,4943.391667796459,-5.27724167653642,4.118617712302424,,
Q2-016,4944.391667796459,-5.27724167653642,4.118617712302424,,
Q2-016,4945.391667796459,-5.27724167653642,4.118617712302424,,
Q2-016,4946.391667796459,-5.27724167653642,4.118617712302424,,
Q2-016,4947.391667796459,-5.27724167653642,4.118617712302424,,
Q2-016,4948.391667796459,-5.27724167653642,4.118617712302424,,
Q2-016,4949.391667796459,-5.27724167653642,4.118617712302424,,
Q2-016,4950.391667796459,-5.27724167653642,4.118617712302424,,
Q2-016,4951.391667796459,-5.27724167653642,4.118617712302424,,
Q2-016,4952.391667796459,-5.27724167653642,4.118617712302424,,
Q2-016,4953.391667796459,-5.27724167653642,4.118617712302424,,
Q2-016,4954.391667796459,-5.27724167653642,4.118617712302424,,
Q2-016,4955.391667796459,-5.27724167653642,4.118617712302424,,
Q2-016,4956.391667796459,-5.27724167653642,4.118617712302424,,
Q2-016,4957.391667796459,-5.27724167653642,4.118617712302424,,
Q2-016,4958.391667796459,-5.27724167653642,4.118617712302424,,
Q2-016,4959.391667796459,-5.27724167653642,4.118617712302424,,
Q2-016,4960.391667796459,-5.27724167653642,4.118617712302424,,
Q2-016,4961.391667796459,-5.27724167653642,4.118617712302424,,
Q2-016,4962.391667796459,-5.27724167653642,4.118617712302424,,
Q2-016,4963.391667796459,-5.27724167653642,4.118617712302424,,
Q2-016,4964.391667796459,-5.27724167653642,4.118617712302424,,
Q2-016,4965.391667796459,-5.27724167653642,4.118617712302424,,
Q2-016,4966.391667796459,-5.27724167653642,4.118617712302424,,
Q2-016,4967.391667796459,-5.27724167653642,4.118617712302424,,
Q2-016,4968.391667796459,-5.27724167653642,4.118617712302424,,
Q2-016,4969.391667796459,-5.27724167653642,4.118617712302424,,
Q2-016,4970.391667796459,-5.27724167653642,4.118617712302424,,
Q2-016,4971.391667796459,-5.27724167653642,4.118617712302424,,
Q2-016,4972.391667796459,-5.27724167653642,4.118617712302424,,
Q2-016,4973.391667796459,-5.27724167653642,4.118617712302424,,
Q2-016,4974.391667796459,-5.27724167653642,4.118617712302424,,
Q2-016,4975.391667796459,-5.27724167653642,4.118617712302424,,
Q2-016,4976.391667796459,-5.27724167653642,4.118617712302424,,
Q2-016,4977.391667796459,-5.27724167653642,4.118617712302424,,
Q2-016,4978.391667796459,-5.27724167653642,4.118617712302424,,
Q2-016,4979.391667796459,-5.27724167653642,4.118617712302424,,
Q2-016,4980.391667796459,-5.27724167653642,4.118617712302424,,
Q2-016,4981.391667796459,-5.27724167653642,4.118617712302424,,
Q2-016,4982.391667796459,-5.27724167653642,4.118617712302424,,
Q2-016,4983.391667796459,-5.27724167653642,4.118617712302424,,
Q2-016,4984.391667796459,-5.27724167653642,4.118617712302424,,
Q2-016,4985.391667796459,-5.27724167653642,4.118617712302424,,
Q2-016,4986.391667796459,-5.27724167653642,4.118617712302424,,
Q2-016,4987.391667796459,-5.27724167653642,4.118617712302424,,
Q2-016,4988.391667796459,-5.27724167653642,4.118617712302424,,
Q2-016,4989.391667796459,-5.27724167653642,4.118617712302424,,
Q2-016,4990.391667796459,-5.27724167653642,4.118617712302424,,
Q2-016,4991.391667796459,-5.27724167653642,4.118617712302424,,
Q2-016,4992.391667796459,-5.27724167653642,4.118617712302424,,
Q2-016,4993.391667796459,-5.27724167653642,4.118617712302424,,
Q2-016,4994.391667796459,-5.27724167653642,4.118617712302424,,
Q2-016,4995.391667796459,-5.27724167653642,4.118617712302424,,
Q2-016,4996.391667796459,-5.27724167653642,4.118617712302424,,
Q2-016,4997.391667796459,-5.27724167653642,4.118617712302424,,
Q2-016,4998.391667796459,-5.27724167653642,4.118617712302424,,
Q2-016,4999.391667796459,-5.27724167653642,4.118617712302424,,
Q2-016,5000.391667796459,-5.27724167653642,4.118617712302424,,
Q2-016,5001.391667796459,-5.27724167653642,4.118617712302424,,
Q2-016,5002.391667796459,-5.27724167653642,4.118617712302424,,
Q2-016,5003.391667796459,-5.27724167653642,4.118617712302424,,
Q2-016,5004.391667796459,-5.27724167653642,4.118617712302424,,
Q2-016,5005.391667796459,-5.27724167653642,4.118617712302424,,
Q2-016,5006.391667796459,-5.27724167653642,4.118617712302424,,
Q2-016,5007.391667796459,-5.27724167653642,4.118617712302424,,
Q2-016,5008.391667796459,-5.27724167653642,4.118617712302424,,
Q2-016,5009.391667796459,-5.27724167653642,4.118617712302424,,
Q2-016,5010.391667796459,-5.27724167653642,4.118617712302424,,
Q2-016,5011.391667796459,-5.27724167653642,4.118617712302424,,
Q2-016,5012.391667796459,-5.27724167653642,4.118617712302424,,
Q2-016,5013.391667796459,-5.27724167653642,4.118617712302424,,
Q2-016,5014.391667796459,-5.27724167653642,4.118617712302424,,
Q2-016,5015.391667796459,-5.27724167653642,4.118617712302424,,
Q2-016,5016.391667796459,-5.27724167653642,4.118617712302424,,
Q2-016,5017.391667796459,-5.27724167653642,4.118617712302424,,
Q2-016,5018.391667796459,-5.27724167653642,4.118617712302424,,
Q2-016,5019.391667796459,-5.27724167653642,4.118617712302424,,
Q2-016,5020.391667796459,-5.27724167653642,4.118617712302424,,
Q2-016,5021.391667796459,-5.27724167653642,4.118617712302424,,
Q2-016,5022.391667796459,-5.27724167653642,4.118617712302424,,
Q2-016,5023.391667796459,-5.27724167653642,4.118617712302424,,
Q2-016,5024.391667796459,-5.27724167653642,4.118617712302424,,
Q2-016,5025.391667796459,-5.27724167653642,4.118617712302424,,
Q2-016,5026.391667796459,-5.27724167653642,4.118617712302424,,
Q2-016,5027.391667796459,-5.27724167653642,4.118617712302424,,
Q2-016,5028.391667796459,-5.27724167653642,4.118617712302424,,
Q2-016,5029.391667796459,-5.27724167653642,4.118617712302424,,
Q2-016,5030.391667796459,-5.27724167653642,4.118617712302424,,
Q2-016,5031.391667796459,-5.27724167653642,4.118617712302424,,
Q2-016,5032.391667796459,-5.27724167653642,4.118617712302424,,
Q2-016,5033.391667796459,-5.27724167653642,4.118617712302424,,
Q2-016,5034.391667796459,-5.27724167653642,4.118617712302424,,
Q2-016,5035.391667796459,-5.27724167653642,4.118617712302424,,
Q2-016,5036.391667796459,-5.27724167653642,4.118617712302424,,
Q2-016,5037.391667796459,-5.27724167653642,4.118617712302424,,
Q2-016,5038.391667796459,-5.27724167653642,4.118617712302424,,
Q2-016,5039.391667796459,-5.27724167653642,4.118617712302424,,
Q2-016,5040.391667796459,-5.27724167653642,4.118617712302424,,
Q2-016,5041.391667796459,-5.27724167653642,4.118617712302424,,
Q2-016,5042.391667796459,-5.27724167653642,4.118617712302424,,
Q2-016,5043.391667796459,-5.27724167653642,4.118617712302424,,
Q2-016,5044.391667796459,-5.27724167653642,4.118617712302424,,
Q2-016,5045.391667796459,-5.27724167653642,4.118617712302424,,
Q2-016,5046.391667796459,-5.27724167653642,4.118617712302424,,
Q2-016,5047.391667796459,-5.27724167653642,4.118617712302424,,
Q2-016,5048.391667796459,-5.27724167653642,4.118617712302424,,
Q2-016,5049.391667796459,-5.27724167653642,4.118617712302424,,
Q2-016,5050.391667796459,-5.27724167653642,4.118617712302424,,
Q2-016,5051.391667796459,-5.27724167653642,4.118617712302424,,
Q2-016,5052.391667796459,-5.27724167653642,4.118617712302424,,
Q2-016,5053.391667796459,-5.27724167653642,4.118617712302424,,
Q2-016,5054.391667796459,-5.27724167653642,4.118617712302424,,
Q2-016,5055.391667796459,-5.27724167653642,4.118617712302424,,
Q2-016,5056.391667796459,-5.27724167653642,4.118617712302424,,
Q2-016,5057.391667796459,-5.27724167653642,4.118617712302424,,
Q2-016,5058.391667796459,-5.27724167653642,4.118617712302424,,
Q2-016,5059.391667796459,-5.27724167653642,4.118617712302424,,
Q2-016,5060.391667796459,-5.27724167653642,4.118617712302424,,
Q2-016,5061.391667796459,-5.27724167653642,4.118617712302424,,
Q2-016,5062.391667796459,-5.27724167653642,4.118617712302424,,
Q2-016,5063.391667796459,-5.27724167653642,4.118617712302424,,
Q2-016,5064.391667796459,-5.27724167653642,4.118617712302424,,
Q2-016,5065.391667796459,-5.27724167653642,4.118617712302424,,
Q2-016,5066.391667796459,-5.27724167653642,4.118617712302424,,
Q2-016,5067.391667796459,-5.27724167653642,4.118617712302424,,
Q2-016,5068.391667796459,-5.27724167653642,4.118617712302424,,
Q2-016,5069.391667796459,-5.27724167653642,4.118617712302424,,
Q2-016,5070.391667796459,-5.27724167653642,4.118617712302424,,
Q2-016,5071.391667796459,-5.27724167653642,4.118617712302424,,
Q2-016,5072.391667796459,-5.27724167653642,4.118617712302424,,
Q2-016,5073.391667796459,-5.27724167653642,4.118617712302424,,
Q2-016,5074.391667796459,-5.27724167653642,4.118617712302424,,
Q2-016,5075.391667796459,-5.27724167653642,4.118617712302424,,
Q2-016,5076.391667796459,-5.27724167653642,4.118617712302424,,
Q2-016,5077.391667796459,-5.27724167653642,4.118617712302424,,
Q2-016,5078.391667796459,-5.27724167653642,4.118617712302424,,
Q2-016,5079.391667796459,-5.27724167653642,4.118617712302424,,
Q2-016,5080.391667796459,-5.27724167653642,4.118617712302424,,
Q2-016,5081.391667796459,-5.27724167653642,4.118617712302424,,
Q2-016,5082.391667796459,-5.27724167653642,4.118617712302424,,
Q2-016,5083.391667796459,-5.27724167653642,4.118617712302424,,
Q2-016,5084.391667796459,-5.27724167653642,4.118617712302424,,
Q2-016,5085.391667796459,-5.27724167653642,4.118617712302424,,
Q2-016,5086.391667796459,-5.27724167653642,4.118617712302424,,
Q2-016,5087.391667796459,-5.27724167653642,4.118617712302424,,
Q2-016,5088.391667796459,-5.27724167653642,4.118617712302424,,
Q2-016,5089.391667796459,-5.27724167653642,4.118617712302424,,
Q2-016,5090.391667796459,-5.27724167653642,4.118617712302424,,
Q2-016,5091.391667796459,-5.27724167653642,4.118617712302424,,
Q2-016,5092.391667796459,-5.27724167653642,4.118617712302424,,
Q2-016,5093.391667796459,-5.27724167653642,4.118617712302424,,
Q2-016,5094.391667796459,-5.27724167653642,4.118617712302424,,
Q2-016,5095.391667796459,-5.27724167653642,4.118617712302424,,
Q2-016,5096.391667796459,-5.27724167653642,4.118617712302424,,
Q2-016,5097.391667796459,-5.27724167653642,4.118617712302424,,
Q2-016,5098.391667796459,-5.27724167653642,4.118617712302424,,
Q2-016,5099.391667796459,-5.27724167653642,4.118617712302424,,
Q2-016,5100.391667796459,-5.27724167653642,4.118617712302424,,
Q2-016,5101.391667796459,-5.27724167653642,4.118617712302424,,
Q2-016,5102.391667796459,-5.27724167653642,4.118617712302424,,
Q2-016,5103.391667796459,-5.27724167653642,4.118617712302424,,
Q2-016,5104.391667796459,-5.27724167653642,4.118617712302424,,
Q2-016,5105.391667796459,-5.27724167653642,4.118617712302424,,
Q2-016,5106.391667796459,-5.27724167653642,4.118617712302424,,
Q2-016,5107.391667796459,-5.27724167653642,4.118617712302424,,
Q2-016,5108.391667796459,-5.27724167653642,4.118617712302424,,
Q2-016,5109.391667796459,-5.27724167653642,4.118617712302424,,
Q2-016,5110.391667796459,-5.27724167653642,4.118617712302424,,
Q2-016,5111.391667796459,-5.27724167653642,4.118617712302424,,
Q2-016,5112.38413063283,-5.277320119856753,4.119190795466608,,
Q2-016,5113.376593469202,-5.27739957521743,4.119760442529895,,
Q2-016,5114.369056305573,-5.2774800425629,4.120326652130132,,
Q2-016,5115.361519141945,-5.277561521836873,4.1208894229129385,,
Q2-016,5116.353981978316,-5.27764401298235,4.121448753531766,,
Q2-016,5117.346444814688,-5.277727515941677,4.122004642647923,,
Q2-016,5118.338907651059,-5.277812030656435,4.122557088930506,,
Q2-016,5119.331370487431,-5.277897557067533,4.123106091056485,,
Q2-016,5120.323833323802,-5.277984095115173,4.123651647710702,,
Q2-016,5121.316296160174,-5.278071644738844,4.124193757585829,,
Q2-016,5122.308758996545,-5.278160205877356,4.124732419382454,,
Q2-016,5123.301221832918,-5.278249778468762,4.125267631809038,,
Q2-016,5124.293684669289,-5.27834036245045,4.125799393581943,,
Q2-016,5125.286147505661,-5.278431957759125,4.1263277034254315,,
Q2-016,5126.278610342032,-5.2785245643307235,4.126852560071711,,
Q2-016,5127.271073178404,-5.27861818210053,4.12737396226089,,
Q2-016,5128.263536014775,-5.278712811003118,4.127891908741034,,
Q2-016,5129.255998851147,-5.278808450972335,4.1284063982681545,,
Q2-016,5130.248461687518,-5.278905101941348,4.128917429606233,,
Q2-016,5131.24092452389,-5.2790027638426125,4.129425001527181,,
Q2-016,5132.233387360261,-5.279101436607874,4.129929112810942,,
Q2-016,5133.225850196633,-5.279201120168196,4.130429762245427,,
Q2-016,5134.218313033004,-5.279301814453916,4.130926948626524,,
Q2-016,5135.2107758693755,-5.279403519394691,4.13142067075816,,
Q2-016,5136.203238705747,-5.279506234919438,4.131910927452253,,
Q2-016,5137.1957015421185,-5.279609960956435,4.132397717528761,,
Q2-016,5138.18816437849,-5.279714697433178,4.132881039815686,,
Q2-016,5139.1806272148615,-5.279820444276538,4.133360893149074,,
Q2-016,5140.173090051233,-5.279927201412647,4.133837276373001,,
Q2-016,5141.1655528876045,-5.280034968766927,4.13431018833964,,
Q2-016,5142.158015723976,-5.280143746264116,4.134779627909211,,
Q2-016,5143.150478560347,-5.28025353382823,4.1352455939500175,,
Q2-016,5144.142941396719,-5.2803643313826285,4.135708085338479,,
Q2-016,5145.135404233091,-5.28047613884992,4.136167100959099,,
Q2-016,5146.127867069463,-5.2805889561520445,4.136622639704484,,
Q2-016,5147.120329905834,-5.280702783210231,4.137074700475367,,
Q2-016,5148.112792742206,-5.280817619944997,4.137523282180595,,
Q2-016,5149.105255578577,-5.280933466276181,4.13796838373716,,
Q2-016,5150.097718414949,-5.281050322122923,4.138410004070209,,
Q2-016,5151.09018125132,-5.2811681874036225,4.138848142113034,,
Q2-016,5152.082644087692,-5.281287062036029,4.139282796807052,,
Q2-016,5153.075106924063,-5.281406945937178,4.139713967101912,,
Q2-016,5154.067569760435,-5.281527839023397,4.140141651955403,,
Q2-016,5155.060032596806,-5.281649741210316,4.140565850333488,,
Q2-016,5156.052495433178,-5.2817726524128545,4.140986561210369,,
Q2-016,5157.044958269549,-5.2818965725452784,4.141403783568407,,
Q2-016,5158.037421105921,-5.282021501521115,4.141817516398191,,
Q2-016,5159.029883942292,-5.28214743925318,4.142227758698539,,
Q2-016,5160.022346778664,-5.282274385653636,4.142634509476466,,
Q2-016,5161.014809615035,-5.282402340633936,4.143037767747273,,
Q2-016,5162.007272451407,-5.282531304104808,4.143437532534449,,
Q2-016,5162.999735287778,-5.282661275976309,4.14383380286975,,
Q2-016,5163.99219812415,-5.282792256157791,4.144226577793205,,
Q2-016,5164.984660960521,-5.282924244557904,4.144615856353099,,
Q2-016,5165.977123796893,-5.283057241084606,4.145001637606001,,
Q2-016,5166.969586633264,-5.28319124564517,4.145383920616737,,
Q2-016,5167.962049469636,-5.283326258146161,4.145762704458448,,
Q2-016,5168.954512306008,-5.283462278493431,4.146137988212544,,
Q2-016,5169.946975142379,-5.28359930659218,4.146509770968777,,
Q2-016,5170.939437978751,-5.283737342346868,4.146878051825155,,
Q2-016,5171.931900815122,-5.283876385661287,4.147242829888057,,
Q2-016,5172.924363651494,-5.28401643643852,4.147604104272162,,
Q2-016,5173.916826487865,-5.284157494580967,4.1479618741004884,,
Q2-016,5174.909289324237,-5.284299559990316,4.148316138504384,,
Q2-016,5175.901752160608,-5.2844426325675755,4.1486668966235385,,
Q2-016,5176.89421499698,-5.28458671221307,4.1490141476060245,,
Q2-016,5177.886677833351,-5.284731798826385,4.1493578906082575,,
Q2-016,5178.879140669723,-5.284877892306483,4.149698124794995,,
Q2-016,5179.871603506094,-5.285024992551556,4.150034849339406,,
Q2-016,5180.864066342466,-5.285173099459172,4.1503680634230165,,
Q2-016,5181.856529178837,-5.285322212926147,4.150697766235766,,
Q2-016,5182.848992015209,-5.2854723328486415,4.151023956975948,,
Q2-016,5183.84145485158,-5.285623459122121,4.151346634850299,,
Q2-016,5184.833917687952,-5.28577559164134,4.1516657990739105,,
Q2-016,5185.826380524323,-5.28592873030037,4.151981448870345,,
Q2-016,5186.818843360695,-5.286082874992601,4.152293583471533,,
Q2-016,5187.811306197066,-5.286238025610714,4.152602202117876,,
Q2-016,5188.803769033438,-5.28639418204672,4.152907304058161,,
Q2-016,5189.79623186981,-5.286551344191906,4.153208888549628,,
Q2-016,5190.788694706182,-5.28670951193692,4.153506954857988,,
Q2-016,5191.781157542553,-5.286868685171655,4.15380150225738,,
Q2-016,5192.7736203789245,-5.287028863785366,4.154092530030383,,
Q2-016,5193.766083215296,-5.287190047666584,4.154380037468059,,
Q2-016,5194.7585460516675,-5.287352236703185,4.154664023869927,,
Q2-016,5195.751008888039,-5.287515430782321,4.1549444885439755,,
Q2-016,5196.7434717244105,-5.2876796297904605,4.155221430806677,,
Q2-016,5197.735934560782,-5.28784483361342,4.1554948499830004,,
Q2-016,5198.7283973971535,-5.288011042136276,4.155764745406387,,
Q2-016,5199.720860233525,-5.2881782552434515,4.156031116418745,,
Q2-016,5200.713323069896,-5.2883464728186595,4.156293962370555,,
Q2-016,5201.71140905895,-5.270478779643909,4.184028944881419,,
Q2-016,5202.709495048003,-5.252574369046371,4.211811642278505,,
Q2-016,5203.707581037057,-5.2346330903242375,4.239641831023306,,
Q2-016,5204.705667026111,-5.21665479185036,4.2675192789175895,,
Q2-016,5205.703753015165,-5.198639321062672,4.295443744920362,,
Q2-016,5206.701839004218,-5.180586524457425,4.323414978962717,,
Q2-016,5207.699924993271,-5.162496247581643,4.351432721759039,,
Q2-016,5208.698010982325,-5.144368335024069,4.379496704614525,,
Q2-016,5209.696096971378,-5.12620263040948,4.407606649230559,,
Q2-016,5210.694182960432,-5.107998976388544,4.435762267505083,,
Q2-016,5211.692268949486,-5.0897572146308505,4.463963261330775,,
Q2-016,5212.690354938539,-5.0714771858167325,4.492209322389343,,
Q2-016,5213.688440927593,-5.053158729627995,4.520500131941915,,
Q2-016,5214.6865269166465,-5.034801684741694,4.54883536061719,,
Q2-016,5215.6846129057,-5.016405888819648,4.5772146681942445,,
Q2-016,5216.682698894753,-4.997971178500961,4.605637703383081,,
Q2-016,5217.680784883807,-4.979497389393472,4.634104103601075,,
Q2-016,5218.678870872861,-4.960984356064046,4.662613494745258,,
Q2-016,5219.676956861914,-4.942431912031864,4.6911654909623905,,
Q2-016,5220.675042850968,-4.923839889757531,4.719759694413284,,
Q2-016,5221.6731288400215,-4.9052081206351374,4.748395695034844,,
Q2-016,5222.671214829074,-4.886536434983213,4.777073070297817,,
Q2-016,5223.669300818128,-4.867824662032973,4.8057913849636265,,
Q2-016,5224.667386807182,-4.849072629927562,4.834550190821716,,
Q2-016,5225.665472796236,-4.830280165701055,4.8633490264553245,,
Q2-016,5226.663558785289,-4.811447095276407,4.892187416970501,,
Q2-016,5227.661644774343,-4.792573243454413,4.921064873737961,,
Q2-016,5228.6597307633965,-4.773658433902938,4.949980894126725,,
Q2-016,5229.657816752449,-4.754702489149338,4.97893496123595,,
Q2-016,5230.655902741503,-4.735705230568527,5.007926543619959,,
Q2-016,5231.653988730557,-4.716666478374023,5.036955095011422,,
Q2-016,5232.65207471961,-4.697586051607942,5.066020054039754,,
Q2-016,5233.650160708664,-4.678463768129745,5.095120843944841,,
Q2-016,5234.648246697718,-4.659299444608138,5.124256872288839,,
Q2-016,5235.6463326867715,-4.64009289650852,5.153427530661105,,
Q2-016,5236.644418675824,-4.620843938083567,5.18263219438127,,
Q2-016,5237.642504664878,-4.6015523823626125,5.211870222197575,,
Q2-016,5238.640590653932,-4.582218041139825,5.24114095598037,,
Q2-016,5239.638676642985,-4.5628407249655965,5.270443720413979,,
Q2-016,5240.636762632039,-4.54342024313334,5.2997778226814205,,
Q2-016,5241.634848621093,-4.52395640366953,5.329142552147573,,
Q2-016,5242.632934610147,-4.5044490133225,5.35853718003743,,
Q2-016,5243.6310205991995,-4.48489787754994,5.387960959109847,,
Q2-016,5244.629106588253,-4.465302800509804,5.417413123329652,,
Q2-016,5245.627192577307,-4.445663585046361,5.4468928875327265,,
Q2-016,5246.62527856636,-4.425980032679675,5.476399447089676,,
Q2-016,5247.623364555414,-4.406251943593759,5.50593197756487,,
Q2-016,5248.621450544468,-4.386479116623477,5.53548963437099,,
Q2-016,5249.619536533521,-4.3666613492446515,5.565071552422452,,
Q2-016,5250.6176225225745,-4.346798437559642,5.594676845781734,,
Q2-016,5251.615708511628,-4.326890176286014,5.624304607304737,,
Q2-016,5252.613794500682,-4.30693635874411,5.653953908282006,,
Q2-016,5253.611880489735,-4.286936776843163,5.683623798075274,,
Q2-016,5254.609966478789,-4.266891221070864,5.713313303754049,,
Q2-016,5255.608052467843,-4.246799480478032,5.743021429724607,,
Q2-016,5256.606138456896,-4.226661342666773,5.772747157359319,,
Q2-016,5257.6042244459495,-4.206476593777126,5.802489444621642,,
Q2-016,5258.602310435003,-4.186245018472633,5.83224722568734,,
Q2-016,5259.600396424056,-4.165966399929019,5.862019410566276,,
Q2-016,5260.59848241311,-4.145640519818201,5.891804884717089,,
Q2-016,5261.596568402164,-4.1252671582955855,5.921602508662787,,
Q2-016,5262.594654391218,-4.104846093986083,5.951411117602987,,
Q2-016,5263.592740380271,-4.084377103968677,5.981229521022783,,
Q2-016,5264.5908263693245,-4.063859963764571,6.011056502303219,,
Q2-016,5265.588912358378,-4.04329444732015,6.040890818325309,,
Q2-016,5266.586998347431,-4.022680326993623,6.070731199075951,,
Q2-016,5267.585084336485,-4.002017373538365,6.1005763472552985,,
Q2-016,5268.583170325539,-3.9813053560936993,6.13042493786206,,
Q2-016,5269.581256314593,-3.960544042161615,6.160275617821,,
Q2-016,5270.579342303646,-3.9397331975959844,6.19012700556533,,
Q2-016,5271.5774282927,-3.9188725865864598,6.219977690642239,,
Q2-016,5272.575514281753,-3.897961971642758,6.24982623331303,,
Q2-016,5273.573600270806,-3.877001113577464,6.2796711641520915,,
Q2-016,5274.57168625986,-3.8559897714924176,6.3095109836503696,,
Q2-016,5275.569772248914,-3.8349277027599413,6.339344161814097,,
Q2-016,5276.567858237967,-3.8138146630075624,6.3691691377687505,,
Q2-016,5277.565944227021,-3.7926504061013446,6.398984319363066,,
Q2-016,5278.564030216075,-3.771434684127769,6.428788082773323,,
Q2-016,5279.562116205128,-3.7501672473790393,6.458578772114265,,
Q2-016,5280.560202194181,-3.7288478443333872,6.4883546990465675,,
Q2-016,5281.558288183235,-3.7074762216388137,6.518114142391667,,
Q2-016,5282.556374172289,-3.686052124095312,6.54785534774868,,
Q2-016,5283.554460161342,-3.664575294635725,6.577576527113223,,
Q2-016,5284.552546150396,-3.6430454743100853,6.607275858505545,,
Q2-016,5285.55063213945,-3.6214624022647683,6.636951485596811,,
Q2-016,5286.5487181285025,-3.5998258157251257,6.666601517345498,,
Q2-016,5287.546804117556,-3.5781354499767133,6.696224027637911,,
Q2-016,5288.54489010661,-3.556391038344941,6.725817054933202,,
Q2-016,5289.542976095664,-3.5345923121783187,6.755378601920498,,
Q2-016,5290.541062084717,-3.512739000826457,6.784906635176185,,
Q2-016,5291.539148073771,-3.4908308316215226,6.814399084834719,,
Q2-016,5292.537234062825,-3.4688675298582865,6.843853844265993,,
Q2-016,5293.5353200518775,-3.446848818772594,6.873268769760159,,
Q2-016,5294.533406040931,-3.424774419523416,6.902641680227802,,
Q2-016,5295.531492029985,-3.4026440511694886,6.931970356903207,,
Q2-016,5296.529578019039,-3.380457430649713,6.961252543064276,,
Q2-016,5297.527664008092,-3.3582142727617423,6.990485943762678,,
Q2-016,5298.525749997146,-3.3359142901392715,7.019668225564374,,
Q2-016,5299.5238359862,-3.3135571932327252,7.0487970163096065,,
Q2-016,5300.521921975253,-3.2911426902846728,7.077869904878938,,
Q2-016,5301.520007964306,-3.2686704873086967,7.1068844409802665,,
Q2-016,5302.51809395336,-3.246140288066755,7.135838134949395,,
Q2-016,5303.516179942413,-3.2235517940450364,7.164728457565062,,
Q2-016,5304.514265931467,-3.200904704433242,7.193552839887786,,
Q2-016,5305.512351920521,-3.1781987160985494,7.222308673108145,,
Q2-016,5306.510437909575,-3.1554335235630333,7.250993308420817,,
Q2-016,5307.508523898628,-3.132608818979591,7.279604056916213,,
Q2-016,5308.506609887681,-3.109724292106222,7.308138189490933,,
Q2-016,5309.504695876735,-3.0867796302838713,7.33659293678663,,
Q2-016,5310.502781865788,-3.0637745184087635,7.364965489142705,,
Q2-016,5311.500867854842,-3.040708638906395,7.393252996583627,,
Q2-016,5312.498953843896,-3.0175816717136286,7.421452568807453,,
Q2-016,5313.497039832949,-2.994393294239586,7.449561275240114,,
Q2-016,5314.495125822003,-2.971143181349788,7.477576145081088,,
Q2-016,5315.493211811056,-2.9478310053347485,7.505494167388122,,
Q2-016,5316.49129780011,-2.924456435884295,7.533312291193852,,
Q2-016,5317.489383789163,-2.9010191400601,7.5610274256495416,,
Q2-016,5318.487469778217,-2.877518782266563,7.58863644019695,,
Q2-016,5319.485555767271,-2.853955024225357,7.616136164779675,,
Q2-016,5320.483641756324,-2.830327524944181,7.643523390076965,,
Q2-016,5321.481727745378,-2.806635940689219,7.670794867778994,,
Q2-016,5322.479813734431,-2.7828799249558784,7.697947310894477,,
Q2-016,5323.477899723484,-2.7590591284377126,7.72497739409134,,
Q2-016,5324.475985712538,-2.7351731989991066,7.7518817540826035,,
Q2-016,5325.474071701592,-2.7112217816420383,7.778656990039039,,
Q2-016,5326.472157690646,-2.687204518476605,7.80529966404913,,
Q2-016,5327.470243679699,-2.6631210486897032,7.831806301616197,,
Q2-016,5328.468329668753,-2.6389710085119304,7.858173392193407,,
Q2-016,5329.4664156578065,-2.614754031188184,7.884397389769646,,
Q2-016,5330.464501646859,-2.590469746942361,7.910474713486224,,
Q2-016,5331.462587635913,-2.566117782945682,7.936401748306423,,
Q2-016,5332.460673624967,-2.5416977632832243,7.962174845726594,,
Q2-016,5333.458759614021,-2.5172093089185807,7.98779032452974,,
Q2-016,5334.456845603074,-2.492652037662282,8.013244471594888,,
Q2-016,5335.454931592128,-2.468025564134166,8.03853354274105,,
Q2-016,5336.4530175811815,-2.443329499729302,8.063653763628622,,
Q2-016,5337.451103570234,-2.418563452582333,8.088601330706382,,
Q2-016,5338.449189559288,-2.3937270275295788,8.113372412204399,,
Q2-016,5339.447275548342,-2.3688198260751676,8.13796314918713,,
Q2-016,5340.445361537395,-2.343841446350723,8.16236965664362,,
Q2-016,5341.443447526449,-2.318791483079039,8.18658802463898,,
Q2-016,5342.441533515503,-2.2936695275355987,8.210614319514065,,
Q2-016,5343.4396195045565,-2.2684751675082424,8.234444585133659,,
Q2-016,5344.437705493609,-2.2432079872605897,8.258074844197552,,
Q2-016,5345.435791482663,-2.2178675674890656,8.28150109959023,,
Q2-016,5346.433877471717,-2.1924534852838065,8.304719335793777,,
Q2-016,5347.43196346077,-2.1669653140874345,8.327725520350427,,
Q2-016,5348.430049449824,-2.1414026236518424,8.350515605374142,,
Q2-016,5349.428135438878,-2.115764979998815,8.373085529126456,,
Q2-016,5350.426221427931,-2.0900519453740714,8.395431217630033,,
Q2-016,5351.424307416984,-2.064263078205201,8.417548586346044,,
Q2-016,5352.422393406038,-2.0383979330574817,8.439433541900058,,
Q2-016,5353.420479395092,-2.012456060587482,8.46108198385572,,
Q2-016,5354.418565384145,-1.9864370075006264,8.482489806551484,,
Q2-016,5355.416651373199,-1.9603403164998525,8.503652900976505,,
Q2-016,5356.414737362253,-1.9341655262494157,8.524567156687922,,
Q2-016,5357.412823351306,-1.9079121713126597,8.545228463810375,,
Q2-016,5358.4109093403595,-1.8815797821141018,8.565632715049745,,
Q2-016,5359.408995329413,-1.8551678848884308,8.585775807770759,,
Q2-016,5360.407081318466,-1.8286760016293755,8.605653646111975,,
Q2-016,5361.40516730752,-1.80210365004082,8.62526214315352,,
Q2-016,5362.403253296574,-1.7754503434842093,8.644597223119348,,
Q2-016,5363.401339285628,-1.7487155909283416,8.663654823629415,,
Q2-016,5364.399425274681,-1.7218988968966187,8.682430897987388,,
Q2-016,5365.3975112637345,-1.6949997614122339,8.700921417501831,,
Q2-016,5366.395597252788,-1.6680176799455069,8.719122373851974,,
Q2-016,5367.393683241841,-1.640952143357282,8.737029781478654,,
Q2-016,5368.391769230895,-1.6138026378447279,8.754639680015785,,
Q2-016,5369.389855219949,-1.5865686448846503,8.771948136746772,,
Q2-016,5370.387941209003,-1.559249641174432,8.788951249083283,,
Q2-016,5371.386027198056,-1.5318450985751753,8.805645147077541,,
Q2-016,5372.3841131871095,-1.5043544840509213,8.82202599594703,,
Q2-016,5373.382199176163,-1.4767772596099888,8.838089998627453,,
Q2-016,5374.380285165216,-1.4491128822439237,8.853833398337116,,
Q2-016,5375.37837115427,-1.4213608038638768,8.869252481149545,,
Q2-016,5376.376457143324,-1.3935204712392135,8.884343578585401,,
Q2-016,5377.374543132377,-1.3655913259319732,8.899103070201576,,
Q2-016,5378.372629121431,-1.337572804233531,8.913527386193351,,
Q2-016,5379.3707151104845,-1.309464337098646,8.927613009991688,,
Q2-016,5380.368801099538,-1.2812653500769215,8.941356480852136,,
Q2-016,5381.366887088591,-1.252975263246384,8.95475439644646,,
Q2-016,5382.364973077645,-1.2245934911427838,8.96780341543382,,
Q2-016,5383.363059066699,-1.1961194426910708,8.980500260027469,,
Q2-016,5384.361145055752,-1.1675525211341977,8.992841718538529,,
Q2-016,5385.359231044806,-1.1388921239590104,9.00482464789269,,
Q2-016,5386.3573170338595,-1.110137642824455,9.016445976131507,,
Q2-016,5387.355403022913,-1.0812884634852082,9.02770270487379,,
Q2-016,5388.353489011966,-1.0523439657174123,9.038591911754025,,
Q2-016,5389.35157500102,-1.0233035232416938,9.049110752818407,,
Q2-016,5390.349660990074,-0.9941665036430862,9.05925646487431,,
Q2-016,5391.347746979127,-0.9649322682931825,9.069026367805407,,
Q2-016,5392.345832968181,-0.9356001722675984,9.078417866827081,,
Q2-016,5393.343918957235,-0.9061695642654826,9.087428454700145,,
Q2-016,5394.3420049462875,-0.8766397865260132,9.096055713882507,,
Q2-016,5395.340090935341,-0.8470101747419392,9.104297318615309,,
Q2-016,5396.338176924395,-0.8172800579749548,9.112151036956064,,
Q2-016,5397.336262913448,-0.7874487585664554,9.119614732733226,,
Q2-016,5398.334348902502,-0.7575155920501118,9.126686367441081,,
Q2-016,5399.332434891556,-0.7274798670588041,9.133364002057903,,
Q2-016,5400.33052088061,-0.6973408852411183,9.139645798764121,,
Q2-016,5401.3286068696625,-0.6670979411541964,9.145530022624285,,
Q2-016,5402.326692858716,-0.63675032217715,9.151015043140163,,
Q2-016,5403.32477884777,-0.6062973084134597,9.156099335745111,,
Q2-016,5404.322864836823,-0.5757381725928354,9.160781483199855,,
Q2-016,5405.320950825877,-0.545072179969452,9.16506017688971,,
Q2-016,5406.319036814931,-0.5142985882220756,9.168934218038899,,
Q2-016,5407.317122803985,-0.48341664734904555,9.172402518815758,,
Q2-016,5408.3152087930375,-0.4524255995649469,9.175464103350421,,
Q2-016,5409.313294782091,-0.42132467919371663,9.178118108645421,,
Q2-016,5410.311380771145,-0.3901131125582822,9.180363785377153,,
Q2-016,5411.309466760198,-0.3587901178717914,9.182200498604615,,
Q2-016,5412.307552749252,-0.32735490512342835,9.183627728360094,,
Q2-016,5413.305638738306,-0.2958066759658209,9.184645070144782,,
Q2-016,5414.303724727359,-0.2641446235988383,9.18525223531006,,
Q2-016,5415.301810716413,-0.23236793264941014,9.185449051323943,,
Q2-016,5416.299896705466,-0.20047577905302205,9.185235461939982,,
Q2-016,5417.29798269452,-0.16846732992941327,9.184611527244343,,
Q2-016,5418.296068683573,-0.1363417434598091,9.183577423605158,,
Q2-016,5419.294154672627,-0.10409816876023115,9.182133443506004,,
Q2-016,5420.292240661681,-0.07173574575060115,9.180279995263703,,
Q2-016,5421.290326650734,-0.0392536050254364,9.178017602649561,,
Q2-016,5422.288412639788,-0.006650867718278164,9.17534690439011,,
Q2-016,5423.286498628841,0.02607335463223137,9.172268653573013,,
Q2-016,5424.284584617895,0.05891996022077706,9.168783716940908,,
Q2-016,5425.282670606948,0.09188985711803355,9.164893074074229,,
Q2-016,5426.280756596002,0.12498396341210594,9.160597816483602,,
Q2-016,5427.278842585056,0.15820320735632265,9.15589914658841,,
Q2-016,5428.276928574109,0.19154852751589146,9.150798376608677,,
Q2-016,5429.275014563163,0.22502087291901773,9.145296927353655,,
Q2-016,5430.273100552216,0.25862120321288273,9.139396326909079,,
Q2-016,5431.271186541269,10.292350488818343,9.133098209244977,,
Q2-016,5432.269272530323,10.326209711091508,9.126404312721021,,
Q2-016,5433.267358519377,10.360199862484379,9.119316478517817,,
Q2-016,5434.265444508431,10.394321946710193,9.111836648978084,,
Q2-016,5435.263530497484,10.428576978914066,9.103966865860329,,
Q2-016,5436.261616486538,10.462965985842558,9.095709268528068,,
Q2-016,5437.259702475591,10.497490006020612,9.0870660920516,,
Q2-016,5438.257788464644,10.532150089927526,9.078039665252092,,
Q2-016,5439.255874453698,10.56694730017847,9.068632408671732,,
Q2-016,5440.253960442752,10.601882711711141,9.058846832473662,,
Q2-016,5441.252046431805,10.636957411972162,9.04868553429479,,
Q2-016,5442.250132420859,10.67217250111085,9.038151197029322,,
Q2-016,5443.248218409913,10.70752909217562,9.02724658657445,,
Q2-016,5444.2463043989665,10.743028311301131,9.015974549511924,,
Q2-016,5445.244390388019,10.77867129793124,9.004338010756072,,
Q2-016,5446.242476377073,10.814459205011786,8.992339971155872,,
Q2-016,5447.240562366127,10.850393199206422,8.979983505055841,,
Q2-016,5448.23864835518,10.886474461109273,8.967271757834908,,
Q2-016,5449.236734344234,10.922704185464028,8.954207943409415,,
Q2-016,5450.234820333288,10.959083581389038,8.940795341703875,,
Q2-016,5451.232906322341,10.995613872602888,8.92703729611327,,
Q2-016,5452.230992311394,11.032296297658363,8.912937210934146,,
Q2-016,5453.229078300448,11.069132110176866,8.898498548794663,,
Q2-016,5454.227164289502,11.106122579089487,8.8837248280676,,
Q2-016,5455.225250278555,11.143268988884984,8.868619620269769,,
Q2-016,5456.223336267609,11.180572639858426,8.853186547471296,,
Q2-016,5457.221422256663,11.218034848368902,8.837429279691762,,
Q2-016,5458.219508245716,11.255656947098245,8.821351532313088,,
Q2-016,5459.217594234769,11.293440285316848,8.804957063492594,,
Q2-016,5460.215680223823,11.331386229157218,8.788249671579422,,
Q2-016,5461.213766212877,11.36949616188842,8.771233192557332,,
Q2-016,5462.21185220193,11.407771484200623,8.753911497490378,,
Q2-016,5463.209938190984,11.446213614490858,8.736288490000746,,
Q2-016,5464.208024180038,11.484823989156865,8.718368103761875,,
Q2-016,5465.206110169091,11.523604062899082,8.700154300009387,,
Q2-016,5466.204196158144,11.562555309024361,8.681651065092169,,
Q2-016,5467.202282147198,11.601679219760442,8.662862408039857,,
Q2-016,5468.200368136251,11.640977306572267,8.643792358175162,,
Q2-016,5469.198454125305,11.680451100487147,8.624444962753458,,
Q2-016,5470.196540114359,11.720102152428993,8.60482428463203,,
Q2-016,5471.194626103413,11.75993203355479,8.584934399990232,,
Q2-016,5472.192712092466,11.79994233560275,8.564779396076347,,
Q2-016,5473.1907980815195,11.840134671243149,8.544363369009062,,
Q2-016,5474.188884070573,11.880510674438767,8.523690421615242,,
Q2-016,5475.186970059626,11.921072000815286,8.50276466130586,,
Q2-016,5476.18505604868,11.961820328034833,8.481590198010622,,
Q2-016,5477.183142037734,12.002757356182144,8.46017114214662,,
Q2-016,5478.181228026788,12.043884808154218,8.438511602648035,,
Q2-016,5479.179314015841,12.085204430060557,8.41661568503838,,
Q2-016,5480.1774000048945,12.126717991634536,8.394487489546208,,
Q2-016,5481.175485993948,12.168427286648708,8.37213110928434,,
Q2-016,5482.173571983001,12.210334133343821,8.349550628467554,,
Q2-016,5483.171657972055,12.252440374862417,8.326750120694882,,
Q2-016,5484.169743961109,12.294747879694171,8.303733647277639,,
Q2-016,5485.167829950162,12.337258542133327,8.280505255613761,,
Q2-016,5486.165915939216,12.379974282741387,8.257068977627554,,
Q2-016,5487.1640019282695,12.422897048828304,8.233428828250055,,
Q2-016,5488.162087917322,12.466028814921174,8.209588803963626,,
Q2-016,5489.160173906376,12.509371583282359,8.185552881395765,,
Q2-016,5490.15825989543,12.552927384404825,8.161325015956791,,
Q2-016,5491.156345884484,12.596698277531857,8.136909140544134,,
Q2-016,5492.154431873537,12.640686351189785,8.112309164286074,,
Q2-016,5493.152517862591,12.684893723727427,8.087528971350082,,
Q2-016,5494.1506038516445,12.729322543870282,8.062572419796311,,
Q2-016,5495.148689840697,12.773974991289705,8.037443340476187,,
Q2-016,5496.146775829751,12.818853277179784,8.012145535993952,,
Q2-016,5497.144861818805,12.863959644852457,7.986682779705774,,
Q2-016,5498.142947807859,12.909296370340954,7.961058814780614,,
Q2-016,5499.141033796912,12.954865763019612,7.935277353303533,,
Q2-016,5500.139119785966,13.00067016624044,7.909342075420923,,
Q2-016,5501.1372057750195,13.046711957979028,7.883256628545027,,
Q2-016,5502.1352917640725,13.092993551500712,7.857024626592732,,
Q2-016,5503.133377753126,13.139517396036581,7.830649649281995,,
Q2-016,5504.13146374218,13.18628597747798,7.804135241466724,,
Q2-016,5505.129549731233,13.233301819089803,7.777484912509536,,
Q2-016,5506.127635720287,13.2805674822349,7.750702135709261,,
Q2-016,5507.125721709341,13.328085567120922,7.723790347758296,,
Q2-016,5508.123807698395,13.375858713559197,7.696752948252893,,
Q2-016,5509.1218936874475,13.423889601744094,7.669593299237221,,
Q2-016,5510.119979676501,13.472180953053666,7.642314724780462,,
Q2-016,5511.118065665555,13.520735530863504,7.614920510603682,,
Q2-016,5512.116151654608,13.569556141385519,7.587413903731687,,
Q2-016,5513.114237643662,13.618645634521158,7.559798112192539,,
Q2-016,5514.112323632716,13.66800690473751,7.532076304745843,,
Q2-016,5515.11040962177,13.717642891967444,7.504251610639145,,
Q2-016,5516.1084956108225,13.767556582525458,7.476327119408637,,
Q2-016,5517.106581599876,13.81775101005131,7.44830588069992,,
Q2-016,5518.10466758893,13.868229256470585,7.420190904131047,,
Q2-016,5519.102753577983,13.918994452981352,7.391985159179342,,
Q2-016,5520.100839567037,13.970049781067004,7.363691575092332,,
Q2-016,5521.098925556091,14.021398473531363,7.335313040830897,,
Q2-016,5522.097011545144,14.073043815555977,7.306852405044609,,
Q2-016,5523.0950975341975,14.124989145789073,7.278312476061416,,
Q2-016,5524.093183523251,14.17723785745514,7.2496960219131665,,
Q2-016,5525.091269512304,14.229793399497723,7.221005770373665,,
Q2-016,5526.089355501358,14.2826592777471,7.192244409024994,,
Q2-016,5527.087441490412,14.335839056113684,7.163414585351134,,
Q2-016,5528.085527479466,14.389336357816859,7.134518906841407,,
Q2-016,5529.083613468519,14.443154866637897,7.105559941124852,,
Q2-016,5530.0816994575725,14.497298328210093,7.0765402161125905,,
Q2-016,5531.079785446626,14.551770551342244,7.047462220163268,,
Q2-016,5532.077871435679,14.606575409348409,7.018328402274889,,
Q2-016,5533.075957424733,14.6617168414638,6.989141172274785,,
Q2-016,5534.074043413787,14.717198854242412,6.959902901043591,,
Q2-016,5535.072129402841,14.773025523019328,6.930615920739456,,
Q2-016,5536.070215391894,14.829200993401358,6.9012825250426175,,
Q2-016,5537.068301380948,14.88572948279166,6.871904969418566,,
Q2-016,5538.066387370001,14.942615281958581,6.842485471383071,,
Q2-016,5539.064473359054,14.999862756637057,6.8130262107897295,,
Q2-016,5540.062559348108,15.057476349176468,6.783529330118114,,
Q2-016,5541.060645337162,15.115460580226127,6.753996934777575,,
Q2-016,5542.058731326215,15.173820050459284,6.724431093426304,,
Q2-016,5543.056817315269,15.232559442346812,6.694833838288773,,
Q2-016,5544.054903304323,15.291683521967926,6.665207165492447,,
Q2-016,5545.052989293376,15.351197140872827,6.635553035401799,,
Q2-016,5546.051075282429,15.411105237987812,6.605873372965078,,
Q2-016,5547.049161271483,15.471412841564216,6.576170068072926,,
Q2-016,5548.047247260537,15.532125071182136,6.546444975912834,,
Q2-016,5549.04533324959,15.593247139796489,6.51669991733975,,
Q2-016,5550.043419238644,15.654784355840334,6.486936679241538,,
Q2-016,5551.041505227698,15.71674212537593,6.457157014914387,,
Q2-016,5552.039591216751,15.77912595429467,6.427362644447371,,
Q2-016,5553.037677205804,15.84194145057738,6.397555255100798,,
Q2-016,5554.035763194858,15.905194326601986,6.367736501697891,,
Q2-016,5555.033849183912,15.968890401513619,6.33790800700946,,
Q2-016,5556.031935172965,16.033035603647733,6.308071362146052,,
Q2-016,5557.030021162019,16.097635973006675,6.278228126957188,,
Q2-016,5558.028107151073,16.16269766380188,6.248379830422522,,
Q2-016,5559.0261931401255,16.2282269470478,6.218527971054158,,
Q2-016,5560.024279129179,16.29423021322299,6.188674017290282,,
Q2-016,5561.022365118233,16.360713974988286,6.1588194078945975,,
Q2-016,5562.020451107286,16.42768486996229,6.128965552360668,,
Q2-016,5563.01853709634,16.495149663566337,6.099113831307136,,
Q2-016,5564.016623085394,16.563115251924003,6.069265596882062,,
Q2-016,5565.014709074448,16.631588664831,6.03942217315749,,
Q2-016,5566.012795063501,16.700577068784057,6.009584856528122,,
Q2-016,5567.010881052554,16.770087770068656,5.979754916113649,,
Q2-016,5568.008967041608,16.840128217917453,5.949933594150664,,
Q2-016,5569.007053030661,16.91070600772308,5.9201221063924265,,
Q2-016,5570.005139019715,16.981828884320848,5.890321642497838,,
Q2-016,5571.003225008769,17.053504745328638,5.860533366423326,,
Q2-016,5572.001310997823,17.125741644542444,5.830758416817261,,
Q2-016,5572.999396986876,17.198547795398838,5.800997907403129,,
Q2-016,5573.997482975929,17.271931574485848,5.771252927369503,,
Q2-016,5574.995568964983,17.34590152512324,5.741524541747182,,
Q2-016,5575.993654954036,17.420466360959082,5.711813791794668,,
Q2-016,5576.99174094309,17.495634969673873,5.6821216953727856,,
Q2-016,5577.989826932144,17.571416416675604,5.652449247319893,,
Q2-016,5578.987912921197,17.647819948858483,5.622797419826952,,
Q2-016,5579.985998910251,17.724854998400062,5.593167162801734,,
Q2-016,5580.984084899304,17.80253118658419,5.563559404234326,,
Q2-016,5581.982170888358,17.88085832764304,5.53397505056374,,
Q2-016,5582.980256877411,17.95984643262392,5.504414987032348,,
Q2-016,5583.978342866465,18.039505713254457,5.474880078045544,,
Q2-016,5584.976428855519,18.119846585814088,5.4453711675192125,,
Q2-016,5585.974514844572,18.20087967498756,5.415889079227952,,
Q2-016,5586.972600833626,18.282615817687088,5.386434617153881,,
Q2-016,5587.970686822679,18.36506606684327,5.357008565823179,,
Q2-016,5588.968772811733,18.448241695129767,5.327611690647302,,
Q2-016,5589.966858800786,18.53215419862255,5.298244738251967,,
Q2-016,5590.96494478984,18.616815300359306,5.268908436806484,,
Q2-016,5591.963030778894,18.70223695377578,5.239603496353411,,
Q2-016,5592.961116767947,18.788431346008196,5.210330609125833,,
Q2-016,5593.959202757001,18.875410901013566,5.181090449869089,,
Q2-016,5594.9572887460545,18.96318828249545,5.151883676150135,,
Q2-016,5595.955374735107,19.051776396584643,5.122710928667246,,
Q2-016,5596.953460724161,19.141188394234476,5.093572831559584,,
Q2-016,5597.951546713215,19.231437673301215,5.064469992704758,,
Q2-016,5598.949632702269,19.322537880239494,5.035403004020267,,
Q2-016,5599.947718691322,19.414502911377525,5.006372441753115,,
Q2-016,5600.945804680376,19.507346913694803,4.977378866769158,,
Q2-016,5601.9438906694295,19.601084285032897,4.94842282484268,,
Q2-016,5602.941976658482,19.695729673678372,4.919504846933776,,
Q2-016,5603.940062647536,19.791297977210746,4.890625449469738,,
Q2-016,5604.93814863659,19.88780434054165,4.861785134614536,,
Q2-016,5605.936234625644,19.985264153022968,4.832984390538314,,
Q2-016,5606.934320614697,20.083693044505125,4.804223691686744,,
Q2-016,5607.932406603751,20.18310688023122,4.7755034990386775,,
Q2-016,5608.9304925928045,20.283521754397853,4.746824260367617,,
Q2-016,5609.928578581857,20.384953982242934,4.718186410491555,,
Q2-016,5610.926664570911,20.487420090462237,4.689590371522769,,
Q2-016,5611.924750559965,20.590936805753046,4.6610365531176825,,
Q2-016,5612.922836549018,20.695521041278894,4.632525352715078,,
Q2-016,5613.920922538072,20.801189880782616,4.6040571557782926,,
Q2-016,5614.919008527126,20.907960560094907,4.575632336025961,,
Q2-016,5615.917094516179,21.015850445713028,4.5472512556628,,
Q2-016,5616.9151805052325,21.124877010106957,4.518914265610533,,
Q2-016,5617.913266494286,21.235057803391783,4.490621705727548,,
Q2-016,5618.91135248334,21.34641042092848,4.4623739050309155,,
Q2-016,5619.909438472393,21.458952466351988,4.434171181914678,,
Q2-016,5620.907524461447,21.57270150962856,4.406013844353851,,
Q2-016,5621.905610450501,21.6876750393739,4.377902190122853,,
Q2-016,5622.903696439554,21.803890408950537,4.349836506996041,,
Q2-016,5623.9017824286075,21.921364775548383,4.321817072953451,,
Q2-016,5624.899868417661,22.040115031492775,4.293844156375869,,
Q2-016,5625.897954406715,22.160157726882687,4.265918016240164,,
Q2-016,5626.896040395768,22.281508982586033,4.238038902314884,,
Q2-016,5627.894126384822,22.404184392535257,4.210207055345336,,
Q2-016,5628.892212373876,22.528198914103683,4.182422707242537,,
Q2-016,5629.890298362929,22.653566745272116,4.154686081261914,,
Q2-016,5630.8883843519825,22.780301187108577,4.126997392182247,,
Q2-016,5631.886470341036,22.908414489954325,4.099356846485179,,
Q2-016,5632.884556330089,23.03791768156792,4.071764642524386,,
Q2-016,5633.882642319143,23.168820375251613,4.044220970698817,,
Q2-016,5634.880728308197,23.301130555852055,4.016726013615923,,
Q2-016,5635.878814297251,23.43485434127207,3.989279946255408,,
Q2-016,5636.876900286304,23.569995716934898,3.961882936133449,,
Q2-016,5637.8749862753575,23.70655624043711,3.9345351434571825,,
Q2-016,5638.873072264411,23.84453471333447,3.907236721283141,,
Q2-016,5639.871158253464,23.983926816821423,3.8799878156661123,,
Q2-016,5640.869244242518,24.124724707762823,3.8527885658085665,,
Q2-016,5641.867330231572,24.26691657131481,3.8256391042109072,,
Q2-016,5642.865416220626,24.410486126163207,3.798539556811974,,
Q2-016,5643.863502209679,24.555412078139653,3.771490043133909,,
Q2-016,5644.8615881987325,24.701667517864493,3.744490676417584,,
Q2-016,5645.859674187786,24.849219257884968,3.7175415637588003,,
Q2-016,5646.857760176839,24.998027104752865,3.6906428062453784,,
Q2-016,5647.855846165893,25.14804306156617,3.663794499084972,,
Q2-016,5648.853932154947,25.299210456631442,3.6369967317371277,,
Q2-016,5649.852018144,25.45146299434198,3.610249588036382,,
Q2-016,5650.850104133054,25.604723724907146,3.5835531463162056,,
Q2-016,5651.848190122108,25.75890393048283,3.556907479533905,,
Q2-016,5652.8462761111605,25.913901926530585,3.530312655386709,,
Q2-016,5653.844362100214,26.069601778863728,3.5037687364320362,,
Q2-016,5654.842448089268,26.22587193913691,3.477275780199193,,
Q2-016,5655.840534078322,26.38256380433758,3.450833839301964,,
Q2-016,5656.838620067375,26.539510209474273,3.424442961552373,,
Q2-016,5657.836706056429,26.69652386715056,3.398103190065868,,
Q2-016,5658.834792045483,26.8533957730816,3.3718145633708048,,
Q2-016,5659.8328780345355,27.00989360316757,3.345577115509542,,
Q2-016,5660.830964023589,27.165760135277395,3.319390876140787,,
Q2-016,5661.829050012643,27.32071173765209,3.293255870642895,,
Q2-016,5662.827136001697,27.474436975670486,3.2671721202077038,,
Q2-016,5663.82522199075,27.626595399253915,3.2411396419459493,,
Q2-016,5664.823307979804,27.776816584804195,3.215158448969845,,
Q2-016,5665.821393968858,27.924699516420148,3.1892285504917766,,
Q2-016,5666.8194799579105,28.069812402386674,3.1633499519167003,,
Q2-016,5667.817565946964,28.211693031891244,3.137522654928304,,
Q2-016,5668.815651936018,28.349849783408743,3.1117466575794026,,
Q2-016,5669.813737925071,28.483763398497985,3.0860219543744876,,
Q2-016,5670.811823914125,28.612889631097985,3.0603485363538425,,
Q2-016,5671.809909903179,28.736662871276053,3.034726391178765,,
Q2-016,5672.807995892233,28.854500822031383,3.0091555032093424,,
Q2-016,5673.8060818812855,28.965810276816057,2.9836358535863923,,
Q2-016,5674.804167870339,29.069994003379918,2.9581674203061823,,
Q2-016,5675.802253859393,29.166458686400404,2.9327501782963026,,
Q2-016,5676.800339848446,29.254623818803182,2.907384099493129,,
Q2-016,5677.7984258375,29.33393136261857,2.882069152911896,,
Q2-016,5678.796511826554,29.40385592917505,2.8568053047210924,,
Q2-016,5679.794597815608,29.463915161517804,2.8315925183096624,,
Q2-016,5680.792683804661,29.51367994596488,2.8064307543557163,,
Q2-016,5681.790769793714,29.552784042014252,2.781319970896746,,
Q2-016,5682.788855782768,29.580932706807786,2.7562601233926927,,
Q2-016,5683.786941771821,29.59790990671867,2.7312511647939743,,
Q2-016,5684.785027760875,29.603583756332725,2.7062930455991676,,
Q2-016,5685.7806794539565,29.645452358658773,2.706142172439314,,
Q2-016,5686.776331147038,29.687523758187737,2.7059896710523077,,
Q2-016,5687.77198284012,29.72979992904618,2.705835541609858,,
Q2-016,5688.767634533201,29.772282874327416,2.705679784285479,,
Q2-016,5689.7632862262835,29.814974626660955,2.7055223992545336,,
Q2-016,5690.758937919365,29.857877248796,2.7053633866941595,,
Q2-016,5691.754589612447,29.900992834199656,2.7052027467833284,,
Q2-016,5692.750241305528,29.94432350766978,2.7050404797028307,,
Q2-016,5693.74589299861,29.987871425963334,2.70487658563529,,
Q2-016,5694.741544691691,30.031638778440566,2.704711064765121,,
Q2-016,5695.737196384773,30.075627787725452,2.704543917278542,,
Q2-016,5696.732848077854,30.119840710382988,2.7043751433636203,,
Q2-016,5697.728499770937,30.164279837613876,2.704204743210198,,
Q2-016,5698.724151464018,30.20894749596674,2.704032717009966,,
Q2-016,5699.7198031571,30.253846048069363,2.7038590649564043,,
Q2-016,5700.715454850181,30.29897789337832,2.703683787244799,,
Q2-016,5701.711106543263,30.344345468948518,2.7035068840722545,,
Q2-016,5702.706758236344,30.389951250222794,2.7033283556376944,,
Q2-016,5703.702409929426,30.435797751842486,2.703148202141847,,
Q2-016,5704.698061622507,30.48188752847939,2.702966423787217,,
Q2-016,5705.69371331559,30.528223175689973,2.7027830207781562,,
Q2-016,5706.689365008671,30.574807330792353,2.7025979933207935,,
Q2-016,5707.685016701753,30.621642673767283,2.7024113416230904,,
Q2-016,5708.680668394834,30.66873192818312,2.702223065894799,,
Q2-016,5709.676320087916,30.716077862146278,2.702033166347462,,
Q2-016,5710.671971780997,30.763683289277594,2.701841643194456,,
Q2-016,5711.667623474079,30.81155106971576,2.701648496650918,,
Q2-016,5712.6632751671605,30.859684111148326,2.701453726933835,,
Q2-016,5713.658926860242,30.908085369871642,2.7012573342619532,,
Q2-016,5714.654578553324,30.95675785188044,2.701059318855826,,
Q2-016,5715.650230246406,31.005704613987902,2.700859680937839,,
Q2-016,5716.6458819394875,31.054928764977888,2.7006584207321396,,
Q2-016,5717.641533632569,31.10443346678963,2.7004555384646665,,
Q2-016,5718.6371853256505,31.154221935736558,2.7002510343632053,,
Q2-016,5719.632837018732,31.20429744376021,2.7000449086572758,,
Q2-016,5720.628488711814,31.25466331972048,2.6998371615782304,,
Q2-016,5721.624140404895,31.305322950723536,2.6996277933592125,,
Q2-016,5722.619792097978,31.356279783488702,2.699416804235142,,
Q2-016,5723.615443791059,31.407537325755527,2.6992041944427427,,
Q2-016,5724.611095484141,31.45909914773287,2.69898996422053,,
Q2-016,5725.606747177222,31.51096888359109,2.6987741138088097,,
Q2-016,5726.602398870304,31.563150232999007,2.6985566434496633,,
Q2-016,5727.598050563385,31.615646962707444,2.6983375533869776,,
Q2-016,5728.593702256467,31.668462908180857,2.6981168438664156,,
Q2-016,5729.589353949548,31.721601975278872,2.697894515135445,,
Q2-016,5730.58500564263,31.77506814198958,2.6976705674432964,,
Q2-016,5731.580657335712,31.828865460216534,2.6974450010409896,,
Q2-016,5732.576309028794,31.882998057621293,2.6972178161813503,,
Q2-016,5733.571960721875,31.937470139524052,2.6969890131189516,,
Q2-016,5734.567612414957,31.992285990863948,2.6967585921101858,,
Q2-016,5735.563264108038,32.04744997822169,2.696526553413193,,
Q2-016,5736.55891580112,32.102966551906945,2.6962928972879183,,
Q2-016,5737.554567494201,32.158840248112725,2.6960576239960687,,
Q2-016,5738.550219187283,32.21507569113956,2.695820733801156,,
Q2-016,5739.545870880365,32.27167759569225,2.695582226968426,,
Q2-016,5740.541522573447,32.32865076925164,2.695342103764929,,
Q2-016,5741.537174266528,32.38600011452513,2.695100364459506,,
Q2-016,5742.53282595961,32.443730631978326,2.6948570093227175,,
Q2-016,5743.528477652691,32.50184742245136,2.694612038626971,,
Q2-016,5744.524129345773,32.56035568986353,2.6943654526463803,,
Q2-016,5745.5197810388545,32.61926074400952,2.6941172516568628,,
Q2-016,5746.515432731936,32.67856800345112,2.693867435936099,,
Q2-016,5747.511084425018,32.738282998508325,2.693616005763559,,
Q2-016,5748.5067361181,32.79841137435389,2.6933629614204335,,
Q2-016,5749.5023878111815,32.85895889421607,2.6931083031897174,,
Q2-016,5750.498039504263,32.91993144269338,2.692852031356182,,
Q2-016,5751.493691197345,32.98133502918671,2.692594146206318,,
Q2-016,5752.489342890426,33.04317579145358,2.692334648028421,,
Q2-016,5753.484994583508,33.10545999928988,2.6920735371125346,,
Q2-016,5754.480646276589,33.16819405834457,2.6918108137504646,,
Q2-016,5755.476297969671,33.231384514073,2.6915464782357787,,
Q2-016,5756.471949662753,33.29503805583536,2.6912805308637786,,
Q2-016,5757.467601355835,33.35916152114605,2.6910129719315847,,
Q2-016,5758.463253048916,33.42376190008147,2.690743801738023,,
Q2-016,5759.458904741998,33.488846339852714,2.6904730205836813,,
Q2-016,5760.454556435079,33.554422149550916,2.690200628770924,,
Q2-016,5761.450208128161,33.6204968050731,2.6899266266038495,,
Q2-016,5762.445859821242,33.687077954236855,2.6896510143883177,,
Q2-016,5763.441511514324,33.75417342209255,2.689373792431965,,
Q2-016,5764.437163207406,33.821791216442364,2.6890949610441197,,
Q2-016,5765.432814900488,33.889939533575586,2.6888145205359137,,
Q2-016,5766.428466593569,33.958626764231184,2.6885324712201992,,
Q2-016,5767.424118286651,34.027861499797524,2.6882488134115903,,
Q2-016,5768.419769979732,34.09765253876148,2.6879635474264347,,
Q2-016,5769.415421672814,34.168008893418516,2.6876766735828426,,
Q2-016,5770.411073365895,34.238939796856954,2.687388192200629,,
Q2-016,5771.406725058977,34.31045471022972,2.6870981036014,,
Q2-016,5772.402376752059,34.382563330327855,2.686806408108481,,
Q2-016,5773.398028445141,34.455275597470944,2.686513106046931,,
Q2-016,5774.393680138222,34.52860170373111,2.686218197743557,,
Q2-016,5775.389331831304,34.60255210150653,2.6859216835268853,,
Q2-016,5776.3849835243855,34.67713751246325,2.6856235637272334,,
Q2-016,5777.380635217467,34.75236893686444,2.685323838676581,,
Q2-016,5778.3762869105485,34.82825766330693,2.6850225087086983,,
Q2-016,5779.37193860363,34.9048152788871,2.684719574159047,,
Q2-016,5780.367590296712,34.98205367981855,2.68441503536485,,
Q2-016,5781.363241989794,35.05998508252638,2.6841088926650656,,
Q2-016,5782.3588936828755,35.1386220352432,2.6838011464003415,,
Q2-016,5783.354545375957,35.21797743013566,2.6834917969130885,,
Q2-016,5784.350197069039,35.298064515989225,2.6831808445474365,,
Q2-016,5785.34584876212,35.37889691148378,2.6828682896492353,,
Q2-016,5786.341500455202,35.46048861909246,2.682554132566068,,
Q2-016,5787.337152148283,35.54285403963968,2.682238373647209,,
Q2-016,5788.332803841365,35.626007987555965,2.6819210132437092,,
Q2-016,5789.328455534447,35.709965706870165,2.681602051708296,,
Q2-016,5790.324107227529,35.7947428879817,2.6812814893954453,,
Q2-016,5791.31975892061,35.88035568526038,2.680959326661309,,
Q2-016,5792.315410613692,35.96682073552121,2.680635563863788,,
Q2-016,5793.311062306773,36.0541551774287,2.680310201362502,,
Q2-016,5794.306713999855,36.142376671886325,2.679983239518762,,
Q2-016,5795.302365692936,36.231503423472304,2.679654678695613,,
Q2-016,5796.298017386018,36.32155420298653,2.679324519257804,,
Q2-016,5797.293669079099,36.41254837117853,2.6789927615717772,,
Q2-016,5798.289320772182,36.504505903731726,2.678659406005707,,
Q2-016,5799.284972465263,36.597447417583865,2.678324452929459,,
Q2-016,5800.280624158345,36.691394198671944,2.6779879027146194,,
Q2-016,5801.276275851426,36.786368231193066,2.677649755734464,,
Q2-016,5802.271927544508,36.882392228483354,2.677310012363975,,
Q2-016,5803.267579237589,36.979489665622694,2.6769686729798394,,
Q2-016,5804.263230930671,37.07768481388263,2.6766257379604497,,
Q2-016,5805.2588826237525,37.17700277714384,2.676281207685875,,
Q2-016,5806.254534316835,37.27746953041988,2.6759350825379187,,
Q2-016,5807.250186009916,37.379111960634745,2.675587362900046,,
Q2-016,5808.245837702998,37.481957909815506,2.6752380491574286,,
Q2-016,5809.2414893960795,37.58603622087202,2.674887141696942,,
Q2-016,5810.237141089161,37.6913767861533,2.674534640907126,,
Q2-016,5811.2327927822425,37.798010598984476,2.674180547178267,,
Q2-016,5812.228444475324,37.90596980840682,2.6738248609022577,,
Q2-016,5813.224096168406,38.015287777362744,2.6734675824727674,,
Q2-016,5814.219747861487,38.12599914458906,2.6731087122850568,,
Q2-016,5815.21539955457,38.23813989050623,2.672748250736163,,
Q2-016,5816.211051247651,38.35174740741621,2.672386198224757,,
Q2-016,5817.206702940733,38.46686057435343,2.6720225551511874,,
Q2-016,5818.202354633814,38.5835198369616,2.6716573219175075,,
Q2-016,5819.198006326896,38.70176729280851,2.6712904989274193,,
Q2-016,5820.193658019977,38.82164678258876,2.6709220865863585,,
Q2-016,5821.189309713059,38.94320398770856,2.6705520853013525,,
Q2-016,5822.18496140614,39.06648653479667,2.6701804954811763,,
Q2-016,5823.180613099223,39.191544107739475,2.6698073175362538,,
Q2-016,5824.176264792304,39.31842856789943,2.669432551878657,,
Q2-016,5825.171916485386,39.447194083246416,2.6690561989221635,,
Q2-016,5826.167568178467,39.577897267204406,2.6686782590822133,,
Q2-016,5827.163219871549,39.71059732810616,2.6682987327758667,,
Q2-016,5828.15887156463,39.8453562302424,2.667917620421946,,
Q2-016,5829.154523257712,39.982238867602405,2.6675349224408222,,
Q2-016,5830.150174950793,40.121313251525294,2.6671506392546007,,
Q2-016,5831.145826643876,40.262650713620374,2.6667647712870632,,
Q2-016,5832.141478336957,40.40632612547144,2.6663773189635833,,
Q2-016,5833.137130030039,40.55241813682102,2.6659882827112398,,
Q2-016,5834.13278172312,40.70100943412899,2.66559766295876,,
Q2-016,5835.128433416202,40.852187021635615,2.6652054601365194,,
Q2-016,5836.124085109283,41.006042527320176,2.6648116746765425,,
Q2-016,5837.119736802365,41.162672536449506,2.66441630701253,,
Q2-016,5838.1153884954465,41.32217895575681,2.6640193575798037,,
Q2-016,5839.111040188529,41.48466941168955,2.6636208268153467,,
Q2-016,5840.1066918816105,41.650257686622965,2.6632207151577916,,
Q2-016,5841.102343574692,41.81906419746974,2.6628190230474047,,
Q2-016,5842.0979952677735,41.99121652172508,2.662415750926101,,
Q2-016,5843.093646960855,42.16684997670549,2.6620108992374583,,
Q2-016,5844.089298653937,42.34610825856906,2.661604468426674,,
Q2-016,5845.084950347018,42.52914414867679,2.661196458940566,,
Q2-016,5846.0806020401,42.716120295995196,2.6607868712276286,,
Q2-016,5847.076253733181,42.907210085579294,2.6603757057379624,,
Q2-016,5848.071905426264,43.102598604757674,2.6599629629233306,,
Q2-016,5849.067557119345,43.30248372051176,2.659548643237102,,
Q2-016,5850.063208812427,43.50707728377117,2.6591327471342794,,
Q2-016,5851.058860505508,43.7166064789956,2.658715275071515,,
Q2-016,5852.05451219859,43.931315340601046,2.6582962275070656,,
Q2-016,5853.050163891671,44.151466461608635,2.657875604900809,,
Q2-016,5854.045815584753,44.377342924518956,2.6574534077143,,
Q2-016,5855.041467277834,44.60925049002249,2.657029636410641,,
Q2-016,5856.037118970917,44.84752008599892,2.656604291454599,,
Q2-016,5857.032770663998,45.092510647640864,2.6561773733125733,,
Q2-016,5858.02842235708,45.34461236987606,2.655748882452528,,
Q2-016,5859.024074050161,45.60425044605961,2.655318819344103,,
Q2-016,5860.019725743243,45.87188938287913,2.6548871844585022,,
Q2-016,5861.015377436324,46.148038001438096,2.6544539782685774,,
Q2-016,5862.011029129406,46.433255259774825,2.6540192012487864,,
Q2-016,5863.006680822487,46.728157064238744,2.6535828538751645,,
Q2-016,5864.002332515569,47.03342427836034,2.653144936625395,,
Q2-016,5864.997984208651,47.34981219108573,2.6527054499787397,,
Q2-016,5865.993635901733,47.67816177559021,2.652264394416079,,
Q2-016,5866.989287594814,48.01941316105267,2.651821770419886,,
Q2-016,5867.984939287896,48.37462186077629,2.6513775784742535,,
Q2-016,5868.9805909809775,48.744978462385106,2.650931819064837,,
Q2-016,5869.976242674059,49.13183270606045,2.6504844926789275,,
Q2-016,5870.9718943671405,49.53672317925276,2.650035599805392,,
Q2-016,5871.967546060222,49.96141427724281,2.6495851409346756,,
Q2-016,5872.9631977533045,50.40794267323332,2.6491331165588576,,
Q2-016,5873.958849446386,50.87867639403427,2.6486795271715664,,
Q2-016,5874.9545011394675,51.37639084122789,2.648224373268036,,
Q2-016,5875.950152832549,51.904367947532236,2.647767655345092,,
Q2-016,5876.945804525631,52.46652746782996,2.6473093739011233,,
Q2-016,5877.941456218712,53.06760377339441,2.646849529436139,,
Q2-016,5878.937107911794,53.71338849288742,2.6463881224516967,,
Q2-016,5879.932759604875,54.41107081522921,2.6459251534509463,,
Q2-016,5880.928411297957,55.169726786506004,2.6454606229386144,,
Q2-016,5881.924062991039,56.001043459003526,2.6449945314209913,,
Q2-016,5882.919714684121,56.92042766410269,2.644526879405973,,
Q2-016,5883.915366377202,57.94877400995048,2.64405766740299,,
Q2-016,5884.911018070284,59.11542670786798,2.6435868959230504,,
Q2-016,5885.906669763365,60.46345583427578,2.6431145654787542,,
Q2-016,5886.902321456447,62.05982743719788,2.6426406765842643,,
Q2-016,5887.897973149528,64.01718286276429,2.6421652297552782,,
Q2-016,5888.89362484261,66.54797704462251,2.6416882255090997,,
Q2-016,5889.889276535692,70.13419742282318,2.6412096643645384,,
Q2-016,5890.884928228774,76.35089792464359,2.6407295468420386,,
Q2-016,5891.880579921855,103.15877144275181,2.6402478734635224,,
Q2-016,5892.876231614937,75.5917377813643,2.6397646447525176,,
Q2-016,5893.871883308018,69.7547984911484,2.639279861234087,,
Q2-016,5894.8675350011,66.29506676370902,2.6387935234348703,,-9.418575405690348
Q2-016,5895.863186694181,63.827506015123234,2.6383056318830285,,-9.418666742023206
Q2-016,5896.858838387263,61.90808812990981,2.637816187108271,,-9.418759077900262
Q2-016,5897.854490080345,60.337007394173234,2.637325189641871,,-9.418852413257724
Q2-016,5898.850141773427,59.00704283848317,2.6368326400166495,,-9.418946748031118
Q2-016,5899.845793466508,57.85393841264488,-7.363661461233065,,-9.419042082155258
Q2-016,5900.84144515959,56.836129531145204,-7.364157113571366,,-9.41913841556429
Q2-016,5901.8370968526715,55.92517525248826,-7.3646543164608005,,-9.419235748191682
Q2-014,1912.048,55.92517525248826,,-5.4084350643972385,
Q2-014,1913.0332911449614,57.31428015587154,,-5.407494098927856,
Q2-014,1914.0185822899227,58.96863224174071,,-5.4065584879792965,
Q2-014,1915.003873434884,61.014014955283564,,-5.40562823505671,
Q2-014,1915.9891645798457,63.69441969361797,,-5.404703343646943,
Q2-014,1916.974455724807,67.59131217086014,,-5.403783817218482,
Q2-014,1917.9597468697684,74.84533378355208,,-5.402869659221409,
Q2-014,1918.9450380147298,85.15478079786637,,-5.401960873087347,
Q2-014,1919.9303291596912,70.70708972004957,,-5.401057462229431,
Q2-014,1920.9156203046525,65.55113218240648,,-5.400159430042308,
Q2-014,1921.9009114496141,62.337767323806894,,-5.3992667799019785,
Q2-014,1922.8862025945755,59.99743030427422,,-5.3983795151658995,
Q2-014,1923.8714937395368,58.155698707764074,,4.597827124580647,
Q2-014,1924.8567848844982,56.63698664962499,,4.597827124580647,
Q2-014,1925.8420760294596,55.34471600699317,,4.597827124580647,
Q2-014,1926.827367174421,54.22004119826275,,4.597827124580647,
Q2-014,1927.8126583193825,53.224439390678356,,4.597827124580647,
Q2-014,1928.797949464344,52.331311118054145,,4.597827124580647,
Q2-014,1929.7832406093053,51.521516657843335,,4.597827124580647,
Q2-014,1930.7685317542666,50.78082354466305,,4.597827124580647,
Q2-014,1931.753822899228,50.098360291614114,,4.597827124580647,
Q2-014,1932.7391140441894,49.46563492681554,,4.597827124580647,
Q2-014,1933.724405189151,48.87588753794337,,4.597827124580647,
Q2-014,1934.7096963341123,48.32364907244258,,4.597827124580647,
Q2-014,1935.6949874790737,47.804432247512864,,4.597827124580647,
Q2-014,1936.680278624035,47.31450977061216,,4.597827124580647,
Q2-014,1937.6655697689964,46.8507518507146,,4.597827124580647,
Q2-014,1938.6508609139578,46.41050494085846,,4.597827124580647,
Q2-014,1939.6361520589194,45.99149976120047,,4.597827124580647,
Q2-014,1940.6214432038807,45.59178050746466,,4.597827124580647,
Q2-014,1941.606734348842,45.20964964610255,,4.597827124580647,
Q2-014,1942.5920254938035,44.843624351070275,,4.597827124580647,
Q2-014,1943.5773166387648,44.49240175507312,,4.597827124580647,
Q2-014,1944.5626077837262,44.15483095806407,,4.597827124580647,
Q2-014,1945.5478989286876,43.82989027502859,,4.597827124580647,
Q2-014,1946.5331900736492,43.516668588605285,,4.597827124580647,
Q2-014,1947.5184812186105,43.214349948718365,,4.597827124580647,
Q2-014,1948.503772363572,42.92220076352163,,4.597827124580647,
Q2-014,1949.4890635085333,42.6395590754187,,4.597827124580647,
Q2-014,1950.4743546534946,42.365825527674275,,4.597827124580647,
Q2-014,1951.459645798456,42.10045571155028,,4.597827124580647,
Q2-014,1952.4449369434176,41.84295364828361,,4.597827124580647,
Q2-014,1953.430228088379,41.59286620976654,,4.597827124580647,
Q2-014,1954.4155192333403,41.34977832023404,,4.597827124580647,
Q2-014,1955.4008103783017,41.11330881133142,,4.597827124580647,
Q2-014,1956.386101523263,40.883106826622,,4.597827124580647,
Q2-014,1957.3713926682244,40.65884869038891,,4.597827124580647,
Q2-014,1958.356683813186,40.44023517059219,,4.597827124580647,
Q2-014,1959.3419749581474,40.22698907790131,,4.597827124580647,
Q2-014,1960.3272661031087,40.01885315246754,,4.597827124580647,
Q2-014,1961.31255724807,39.81558819802386,,4.597827124580647,
Q2-014,1962.2978483930315,39.61697142936835,,4.597827124580647,
Q2-014,1963.2831395379928,39.42279500460228,,4.597827124580647,
Q2-014,1964.2684306829542,39.23286471787662,,4.597827124580647,
Q2-014,1965.2537218279158,39.04699883203429,,4.597827124580647,
Q2-014,1966.2390129728772,38.86502703355846,,4.597827124580647,
Q2-014,1967.2243041178385,38.686789494765065,,4.597827124580647,
Q2-014,1968.2240735785679,38.657372224595846,,4.597827124580647,
Q2-014,1969.2238430392972,38.57029742109745,,4.597827124580647,
Q2-014,1970.2236125000265,38.428943506253816,,4.597827124580647,
Q2-014,1971.223381960756,38.23847248427742,,4.597827124580647,
Q2-014,1972.2231514214852,38.0052495662173,,4.597827124580647,
Q2-014,1973.2229208822146,37.73622514760723,,4.597827124580647,
Q2-014,1974.222690342944,37.43838490094808,,4.597827124580647,
Q2-014,1975.222459803673,37.11833085236117,,4.597827124580647,
Q2-014,1976.2222292644024,36.782011398917206,,4.597827124580647,
Q2-014,1977.2219987251317,36.43458562025677,,4.597827124580647,
Q2-014,1978.221768185861,36.0803909100879,,4.597827124580647,
Q2-014,1979.2215376465904,35.722979804024575,,4.597827124580647,
Q2-014,1980.2213071073197,35.36519643053326,,4.597827124580647,
Q2-014,1981.221076568049,35.00927049577217,,4.597827124580647,
Q2-014,1982.2208460287784,34.656914150056636,,4.597827124580647,
Q2-014,1983.2206154895077,34.309413115563046,,4.597827124580647,
Q2-014,1984.220384950237,33.96770776568464,,4.597827124580647,
Q2-014,1985.2201544109664,33.63246263992211,,4.597827124580647,
Q2-014,1986.2199238716958,33.3041245219472,,4.597827124580647,
Q2-014,1987.219693332425,32.98297006572791,,4.597827124580647,
Q2-014,1988.2194627931544,32.66914431666763,,4.597827124580647,
Q2-014,1989.2192322538838,32.362691546061725,,4.597827124580647,
Q2-014,1990.2190017146131,32.0635797341497,,4.597827124580647,
Q2-014,1991.2187711753422,31.771719884759534,,4.597827124580647,
Q2-014,1992.2185406360716,31.48698117988809,,4.597827124580647,
Q2-014,1993.218310096801,31.209202812095057,,4.597827124580647,
Q2-014,1994.2180795575302,30.93820317966592,,4.597827124580647,
Q2-014,1995.2178490182596,30.67378699741637,,4.597827124580647,
Q2-014,1996.217618478989,30.415750765421052,,4.597827124580647,
Q2-014,1997.2173879397183,30.163886947661254,,4.597827124580647,
Q2-014,1998.2171574004476,29.917987139425833,,4.597827124580647,
Q2-014,1999.216926861177,29.677844443643863,,4.597827124580647,
Q2-014,2000.2166963219063,29.44325522951401,,4.597827124580647,
Q2-014,2001.2164657826356,29.214020410045507,,4.597827124580647,
Q2-014,2002.216235243365,28.989946345913495,,4.597827124580647,
Q2-014,2003.2160047040943,28.770845459828024,,4.597827124580647,
Q2-014,2004.2157741648236,28.55653662761017,,4.597827124580647,
Q2-014,2005.215543625553,28.346845398119356,,4.597827124580647,
Q2-014,2006.215313086282,28.14160408250497,,4.597827124580647,
Q2-014,2007.2150825470114,27.940651744903647,,4.597827124580647,
Q2-014,2008.2148520077408,27.743834119553185,,4.597827124580647,
Q2-014,2009.21462146847,27.55100347372145,,4.597827124580647,
Q2-014,2010.2143909291995,27.36201843182782,,4.597827124580647,
Q2-014,2011.2141603899288,27.17674377259138,,4.597827124580647,
Q2-014,2012.2139298506581,26.995050208296234,,4.597827124580647,
Q2-014,2013.2136993113875,26.81681415332136,,4.597827124580647,
Q2-014,2014.2134687721168,26.641917487457846,,4.597827124580647,
Q2-014,2015.2132382328462,26.470247317955028,,4.597827124580647,
Q2-014,2016.2130076935755,26.301695743567407,,4.597827124580647,
Q2-014,2017.2127771543048,26.136159622864554,,4.597827124580647,
Q2-014,2018.2125466150342,25.973540348464695,,4.597827124580647,
Q2-014,2019.2123160757635,25.8137436283415,,4.597827124580647,
Q2-014,2020.2120855364929,25.65667927515048,,4.597827124580647,
Q2-014,2021.211854997222,25.502261003905517,,4.597827124580647,
Q2-014,2022.2116244579513,25.35040623836342,,4.597827124580647,
Q2-014,2023.2113939186806,25.201035926291937,,4.597827124580647,
Q2-014,2024.21116337941,25.054074363400815,,4.597827124580647,
Q2-014,2025.2109328401393,24.909449025996167,,4.597827124580647,
Q2-014,2026.2107023008687,24.767090412056817,,4.597827124580647,
Q2-014,2027.210471761598,24.626931890461563,,4.597827124580647,
Q2-014,2028.2102412223273,24.488909558094463,,4.597827124580647,
Q2-014,2029.2100106830567,24.35296210457969,,4.597827124580647,
Q2-014,2030.209780143786,24.219030684187445,,4.597827124580647,
Q2-014,2031.2095496045154,24.08705879464648,,4.597827124580647,
Q2-014,2032.2093190652447,23.95699216254181,,4.597827124580647,
Q2-014,2033.209088525974,23.828778634947867,,4.597827124580647,
Q2-014,2034.2088579867034,23.702368076892228,,4.597827124580647,
Q2-014,2035.2086274474327,23.577712274494985,,4.597827124580647,
Q2-014,2036.2083969081618,23.45476484331907,,4.597827124580647,
Q2-014,2037.2081663688912,23.33348114170495,,4.597827124580647,
Q2-014,2038.2079358296205,23.213818188866213,,4.597827124580647,
Q2-014,2039.2077052903498,23.09573458734768,,4.597827124580647,
Q2-014,2040.2074747510792,22.979190449700624,,4.597827124580647,
Q2-014,2041.2072442118085,22.864147329103446,,4.597827124580647,
Q2-014,2042.2070136725379,22.75056815368731,,4.597827124580647,
Q2-014,2043.2067831332672,22.638417164325233,,4.597827124580647,
Q2-014,2044.2065525939965,22.527659855781465,,4.597827124580647,
Q2-014,2045.206322054726,22.418262920907992,,4.597827124580647,
Q2-014,2046.2060915154552,22.310194197766847,,4.597827124580647,
Q2-014,2047.2058609761846,22.203422619539964,,4.597827124580647,
Q2-014,2048.205630436914,22.09791816700543,,4.597827124580647,
Q2-014,2049.205399897643,21.993651823463836,,4.597827124580647,
Q2-014,2050.2051693583726,21.890595531935716,,4.597827124580647,
Q2-014,2051.2049388191017,21.7887221546071,,4.597827124580647,
Q2-014,2052.2047082798313,21.688005434245426,,4.597827124580647,
Q2-014,2053.2044777405604,21.58841995756292,,4.597827124580647,
Q2-014,2054.20424720129,21.48994112042969,,4.597827124580647,
Q2-014,2055.204016662019,21.39254509478492,,4.597827124580647,
Q2-014,2056.2037861227486,21.296208797143436,,4.597827124580647,
Q2-014,2057.2035555834777,21.200909858690352,,4.597827124580647,
Q2-014,2058.2033250442073,21.106626596776422,,4.597827124580647,
Q2-014,2059.2030945049364,21.013337987767514,,4.597827124580647,
Q2-014,2060.2028639656655,20.921023641252475,,4.597827124580647,
Q2-014,2061.202633426395,20.82966377540538,,4.597827124580647,
Q2-014,2062.202402887124,20.73923919350291,,4.597827124580647,
Q2-014,2063.202172347854,20.649731261596685,,4.597827124580647,
Q2-014,2064.201941808583,20.561121887152467,,4.597827124580647,
Q2-014,2065.2017112693125,20.47339349868055,,4.597827124580647,
Q2-014,2066.2014807300416,20.386529026330024,,4.597827124580647,
Q2-014,2067.201250190771,20.300511883322443,,4.597827124580647,
Q2-014,2068.2010196515002,20.215325948208687,,4.597827124580647,
Q2-014,2069.20078911223,20.130955547964874,,4.597827124580647,
Q2-014,2070.200558572959,20.047385441796564,,4.597827124580647,
Q2-014,2071.2003280336885,19.96460080564175,,4.597827124580647,
Q2-014,2072.2000974944176,19.88258721739436,,4.597827124580647,
Q2-014,2073.199866955147,19.8013306427263,,4.597827124580647,
Q2-014,2074.1996364158763,19.72081742151765,,4.597827124580647,
Q2-014,2075.199405876606,19.641034254900276,,4.597827124580647,
Q2-014,2076.199175337335,19.56196819281695,,4.597827124580647,
Q2-014,2077.198944798064,19.48360662208114,,4.597827124580647,
Q2-014,2078.1987142587936,19.405937255010883,,4.597827124580647,
Q2-014,2079.1984837195228,19.3289481184556,,4.597827124580647,
Q2-014,2080.1982531802523,19.252627543293883,,4.597827124580647,
Q2-014,2081.1980226409814,19.176964154389097,,4.597827124580647,
Q2-014,2082.197792101711,19.101946860917025,,4.597827124580647,
Q2-014,2083.19756156244,19.02756484708381,,4.597827124580647,
Q2-014,2084.1973310231697,18.953807563239423,,4.597827124580647,
Q2-014,2085.197100483899,18.88066471731932,,4.597827124580647,
Q2-014,2086.1968699446284,18.808126266622352,,4.597827124580647,
Q2-014,2087.1966394053575,18.736182409932667,,4.597827124580647,
Q2-014,2088.196408866087,18.664823579921787,,4.597827124580647,
Q2-014,2089.196178326816,18.594040435841293,,4.597827124580647,
Q2-014,2090.1959477875453,18.523823856528452,,4.597827124580647,
Q2-014,2091.195717248275,18.45416493363608,,4.597827124580647,
Q2-014,2092.195486709004,18.38505496513619,,4.597827124580647,
Q2-014,2093.1952561697335,18.316485449081284,,4.597827124580647,
Q2-014,2094.1950256304626,18.248448077566493,,4.597827124580647,
Q2-014,2095.194795091192,18.180934730931057,,4.597827124580647,
Q2-014,2096.1945645519213,18.113937472184787,,4.597827124580647,
Q2-014,2097.194334012651,18.047448541616205,,4.597827124580647,
Q2-014,2098.19410347338,17.981460351595686,,4.597827124580647,
Q2-014,2099.1938729341095,17.915965481586525,,4.597827124580647,
Q2-014,2100.1936423948387,17.850956673318407,,4.597827124580647,
Q2-014,2101.1934118555682,17.78642682613446,,4.597827124580647,
Q2-014,2102.1931813162973,17.722368992493074,,4.597827124580647,
Q2-014,2103.192950777027,17.658776373649104,,4.597827124580647,
Q2-014,2104.192720237756,17.59564231547327,,4.597827124580647,
Q2-014,2105.1924896984856,17.532960304401115,,4.597827124580647,
Q2-014,2106.1922591592147,17.470723963549148,,4.597827124580647,
Q2-014,2107.192028619944,17.40892704895026,,4.597827124580647,
Q2-014,2108.1917980806734,17.34756344590039,,4.597827124580647,
Q2-014,2109.1915675414025,17.28662716546394,,4.597827124580647,
Q2-014,2110.191337002132,17.226112341067108,,4.597827124580647,
Q2-014,2111.191106462861,17.16601322520603,,4.597827124580647,
Q2-014,2112.1908759235907,17.106324186282947,,4.597827124580647,
Q2-014,2113.19064538432,17.047039705536633,,4.597827124580647,
Q2-014,2114.1904148450494,16.98815437404957,,4.597827124580647,
Q2-014,2115.1901843057785,16.92966288990209,,4.597827124580647,
Q2-014,2116.189953766508,16.871560055374857,,4.597827124580647,
Q2-014,2117.189723227237,16.81384077424866,,4.597827124580647,
Q2-014,2118.189492687967,16.75650004921485,,4.597827124580647,
Q2-014,2119.189262148696,16.699532979341726,,4.597827124580647,
Q2-014,2120.1890316094255,16.64293475762375,,4.597827124580647,
Q2-014,2121.1888010701546,16.58670066861798,,4.597827124580647,
Q2-014,2122.1885705308837,16.530826086158513,,4.597827124580647,
Q2-014,2123.1883399916132,16.47530647111175,,4.597827124580647,
Q2-014,2124.1881094523424,16.420137369240663,,4.597827124580647,
Q2-014,2125.187878913072,6.365314409106318,,4.597827124580647,
Q2-014,2126.187648373801,16.310833300033252,,4.597827124580647,
Q2-014,2127.1874178345306,6.256689830160909,,4.597827124580647,
Q2-014,2128.1871872952597,6.20287986453188,,4.597827124580647,
Q2-014,2129.1869567559893,6.149399343223067,,4.597827124580647,
Q2-014,2130.1867262167184,6.0962442795849086,,4.597827124580647,
Q2-014,2131.186495677448,6.043410758480206,,4.597827124580647,
Q2-014,2132.186265138177,5.9908949345887805,,4.597827124580647,
Q2-014,2133.1860345989066,5.938693030782531,,4.597827124580647,
Q2-014,2134.1858040596358,5.886801336524059,,4.597827124580647,
Q2-014,2135.1855735203653,5.835216206312921,,4.597827124580647,
Q2-014,2136.1853429810944,5.783934058192926,,4.597827124580647,
Q2-014,2137.1851124418235,5.7329513722938685,,4.597827124580647,
Q2-014,2138.184881902553,5.682264689394316,,4.597827124580647,
Q2-014,2139.1846513632822,5.631870609568196,,4.597827124580647,
Q2-014,2140.184420824012,5.581765790831724,,4.597827124580647,
Q2-014,2141.184190284741,5.531946947834925,,4.597827124580647,
Q2-014,2142.1839597454705,5.482410850610663,,4.597827124580647,
Q2-014,2143.1837292061996,5.433154323337121,,4.597827124580647,
Q2-014,2144.183498666929,5.384174243127845,,4.597827124580647,
Q2-014,2145.1832681276583,5.335467538889972,,4.597827124580647,
Q2-014,2146.183037588388,5.287031190179832,,4.597827124580647,
Q2-014,2147.182807049117,5.238862226089623,,4.597827124580647,
Q2-014,2148.1825765098465,5.19095772419719,,4.597827124580647,
Q2-014,2149.1823459705756,5.1433148095096755,,4.597827124580647,
Q2-014,2150.182115431305,5.095930653442878,,4.597827124580647,
Q2-014,2151.1818848920343,5.0488024728414445,,4.597827124580647,
Q2-014,2152.181654352764,5.001927529016257,,4.597827124580647,
Q2-014,2153.181423813493,4.955303126794533,,4.597827124580647,
Q2-014,2154.181193274222,4.908926613621929,,4.597827124580647,
Q2-014,2155.1809627349517,4.86279537866487,,4.597827124580647,
Q2-014,2156.180732195681,4.8169068519436,,4.597827124580647,
Q2-014,2157.1805016564103,4.771258503486081,,4.597827124580647,
Q2-014,2158.1802711171395,4.725847842515492,,4.597827124580647,
Q2-014,2159.180040577869,4.68067241663779,,4.597827124580647,
Q2-014,2160.179810038598,4.635729811060827,,4.597827124580647,
Q2-014,2161.1795794993277,4.591017647841383,,4.597827124580647,
Q2-014,2162.179348960057,4.546533585136913,,4.597827124580647,
Q2-014,2163.1791184207864,4.502275316474652,,4.597827124580647,
Q2-014,2164.1788878815155,4.458240570060269,,4.597827124580647,
Q2-014,2165.178657342245,4.414427108078854,,4.597827124580647,
Q2-014,2166.178426802974,4.370832726018961,,4.597827124580647,
Q2-014,2167.1781962637033,4.327455252032976,,4.597827124580647,
Q2-014,2168.177965724433,4.284292546287645,,4.597827124580647,
Q2-014,2169.177735185162,4.241342500334952,,4.597827124580647,
Q2-014,2170.1775046458915,4.198603036516445,,4.597827124580647,
Q2-014,2171.1772741066206,4.156072107362604,,4.597827124580647,
Q2-014,2172.17704356735,4.113747695008783,,4.597827124580647,
Q2-014,2173.1768130280793,4.071627810632961,,4.597827124580647,
Q2-014,2174.176582488809,4.0297104939101445,,4.597827124580647,
Q2-014,2175.176351949538,3.9879938124574608,,4.597827124580647,
Q2-014,2176.1761214102676,3.946475861322014,,4.597827124580647,
Q2-014,2177.1758908709967,3.9051547624599436,,4.597827124580647,
Q2-014,2178.1756603317262,3.8640286642275186,,4.597827124580647,
Q2-014,2179.1754297924554,3.8230957409025734,,4.597827124580647,
Q2-014,2180.175199253185,3.7823541921996053,,4.597827124580647,
Q2-014,2181.174968713914,3.741802242791678,,4.597827124580647,
Q2-014,2182.1747381746436,3.7014381418669444,,4.597827124580647,
Q2-014,2183.1745076353727,3.6612601626770385,,4.597827124580647,
Q2-014,2184.174277096102,3.6212666020903157,,4.597827124580647,
Q2-014,2185.1740465568314,3.5814557801775067,,4.597827124580647,
Q2-014,2186.1738160175605,3.541826039787651,,4.597827124580647,
Q2-014,2187.17358547829,3.502375746134561,,4.597827124580647,
Q2-014,2188.173354939019,3.463103286404973,,4.597827124580647,
Q2-014,2189.1731243997488,3.4240070693682583,,4.597827124580647,
Q2-014,2190.172893860478,3.3850855249852145,,4.597827124580647,
Q2-014,2191.1726633212074,3.3463371040431156,,4.597827124580647,
Q2-014,2192.1724327819365,3.3077602777905213,,4.597827124580647,
Q2-014,2193.172202242666,3.269353537569714,,4.597827124580647,
Q2-014,2194.1719717033952,3.231115394479673,,4.597827124580647,
Q2-014,2195.171741164125,3.1930443790289473,,4.597827124580647,
Q2-014,2196.171510624854,3.155139040790928,,4.597827124580647,
Q2-014,2197.1712800855835,3.1173979480938527,,4.597827124580647,
Q2-014,2198.1710495463126,3.079819687690147,,4.597827124580647,
Q2-014,2199.1708190070417,3.042402864438884,,4.597827124580647,
Q2-014,2200.1705884677713,3.005146101005863,,4.597827124580647,
Q2-014,2201.1703579285004,2.968048037563136,,4.597827124580647,
Q2-014,2202.17012738923,2.931107331485819,,4.597827124580647,
Q2-014,2203.169896849959,2.8943226570721095,,4.597827124580647,
Q2-014,2204.1696663106886,2.857692705261144,,4.597827124580647,
Q2-014,2205.1694357714177,2.8212161833471043,,4.597827124580647,
Q2-014,2206.1692052321473,2.784891814720396,,4.597827124580647,
Q2-014,2207.1689746928764,2.748718338595083,,4.597827124580647,
Q2-014,2208.168744153606,2.712694509753703,,4.597827124580647,
Q2-014,2209.168513614335,2.6768190982816122,,4.597827124580647,
Q2-014,2210.1682830750647,2.6410908893352882,,4.597827124580647,
Q2-014,2211.168052535794,2.6055086828848744,,4.597827124580647,
Q2-014,2212.1678219965233,2.5700712934761185,,4.597827124580647,
Q2-014,2213.1675914572525,2.5347775500027865,,4.597827124580647,
Q2-014,2214.1673609179816,2.499626295472268,,4.597827124580647,
Q2-014,2215.167130378711,2.464616386774935,,4.597827124580647,
Q2-014,2216.1668998394402,2.4297466944740336,,4.597827124580647,
Q2-014,2217.16666930017,2.3950161025856005,,4.597827124580647,
Q2-014,2218.166438760899,2.3604235083536054,,4.597827124580647,
Q2-014,2219.1662082216285,2.3259678220636033,,4.597827124580647,
Q2-014,2220.1659776823576,2.2916479668259058,,4.597827124580647,
Q2-014,2221.165747143087,2.25746287837228,,4.597827124580647,
Q2-014,2222.1655166038163,2.2234115048701995,,4.597827124580647,
Q2-014,2223.165286064546,2.189492806725184,,4.597827124580647,
Q2-014,2224.165055525275,2.15570575638705,,4.597827124580647,
Q2-014,2225.1648249860045,2.122049338176879,,4.597827124580647,
Q2-014,2226.1645944467336,2.088522548093138,,4.597827124580647,
Q2-014,2227.1643639074628,2.0551243936393746,,4.597827124580647,
Q2-014,2228.1641333681923,2.021853893652377,,4.597827124580647,
Q2-014,2229.163902828922,1.988710078127525,,4.597827124580647,
Q2-014,2230.163672289651,1.9556919880455865,,4.597827124580647,
Q2-014,2231.16344175038,1.9227986752176633,,4.597827124580647,
Q2-014,2232.1632112111097,1.8900292021191376,,4.597827124580647,
Q2-014,2233.162980671839,1.8573826417221824,,4.597827124580647,
Q2-014,2234.1627501325684,1.8248580773559269,,4.597827124580647,
Q2-014,2235.1625195932975,1.7924546025411985,,4.597827124580647,
Q2-014,2236.162289054027,1.7601713208415646,,4.597827124580647,
Q2-014,2237.162058514756,1.728007345722034,,4.597827124580647,
Q2-014,2238.1618279754857,1.6959618004001413,,4.597827124580647,
Q2-014,2239.161597436215,1.6640338176988791,,4.597827124580647,
Q2-014,2240.1613668969444,1.6322225399176205,,4.597827124580647,
Q2-014,2241.1611363576735,1.600527118686685,,4.597827124580647,
Q2-014,2242.160905818403,1.5689467148330465,,4.597827124580647,
Q2-014,2243.160675279132,1.5374804982550785,,4.597827124580647,
Q2-014,2244.1604447398613,1.506127647785334,,4.597827124580647,
Q2-014,2245.160214200591,1.4748873510633445,,4.597827124580647,
Q2-014,2246.1599836613204,1.4437588044163903,,4.597827124580647,
Q2-014,2247.1597531220496,1.412741212733323,,4.597827124580647,
Q2-014,2248.1595225827787,1.381833789335687,,4.597827124580647,
Q2-014,2249.1592920435082,1.3510357558732125,,4.597827124580647,
Q2-014,2250.1590615042373,1.3203463421991586,,4.597827124580647,
Q2-014,2251.158830964967,1.2897647862517374,,4.597827124580647,
Q2-014,2252.158600425696,1.259290333950787,,4.597827124580647,
Q2-014,2253.1583698864256,1.2289222390831185,,4.597827124580647,
Q2-014,2254.1581393471547,1.1986597631867255,,4.597827124580647,
Q2-014,2255.1579088078843,1.1685021754546057,,4.597827124580647,
Q2-014,2256.1576782686134,1.1384487526266867,,4.597827124580647,
Q2-014,2257.157447729343,1.1084987788794933,,4.597827124580647,
Q2-014,2258.157217190072,1.078651545734516,,4.597827124580647,
Q2-014,2259.1569866508016,1.0489063519522688,,4.597827124580647,
Q2-014,2260.1567561115307,1.0192625034372043,,4.597827124580647,
Q2-014,2261.15652557226,0.98971931313514,,4.597827124580647,
Q2-014,2262.1562950329894,0.9602761009490592,,4.597827124580647,
Q2-014,2263.1560644937185,0.9309321936348738,,4.597827124580647,
Q2-014,2264.155833954448,0.9016869247148236,,4.597827124580647,
Q2-014,2265.155603415177,0.8725396343898097,,4.597827124580647,
Q2-014,2266.155372875907,0.8434896694478056,,4.597827124580647,
Q2-014,2267.155142336636,0.814536383172225,,4.597827124580647,
Q2-014,2268.1549117973655,0.7856791352649282,,4.597827124580647,
Q2-014,2269.1546812580946,0.7569172917589384,,4.597827124580647,
Q2-014,2270.154450718824,0.7282502249248779,,4.597827124580647,
Q2-014,2271.1542201795532,0.6996773132073884,,4.597827124580647,
Q2-014,2272.153989640283,0.6711979411340963,,4.597827124580647,
Q2-014,2273.153759101012,0.6428114992339431,,4.597827124580647,
Q2-014,2274.153528561741,0.6145173839680353,,4.597827124580647,
Q2-014,2275.1532980224706,0.5863149976487421,,4.597827124580647,
Q2-014,2276.1530674832,0.5582037483602846,,4.597827124580647,
Q2-014,2277.1528369439293,0.5301830498938216,,4.597827124580647,
Q2-014,2278.1526064046584,0.5022523216681378,,4.597827124580647,
Q2-014,2279.152375865388,0.4744109886551229,,4.597827124580647,
Q2-014,2280.152145326117,0.4466584813192185,,4.597827124580647,
Q2-014,2281.1519147868466,0.4189942355413194,,4.597827124580647,
Q2-014,2282.1516842475758,0.39141769254713665,,4.597827124580647,
Q2-014,2283.1514537083053,0.3639282988480943,,4.597827124580647,
Q2-014,2284.1512231690344,0.33652550617172494,,4.597827124580647,
Q2-014,2285.150992629764,0.30920877138933633,,4.597827124580647,
Q2-014,2286.150762090493,0.2819775564645255,,4.597827124580647,
Q2-014,2287.1505315512227,0.25483132838280653,,4.597827124580647,
Q2-014,2288.150301011952,0.2277695590868376,,4.597827124580647,
Q2-014,2289.1500704726814,0.20079172542038748,,4.597827124580647,
Q2-014,2290.1498399334105,0.1738973090682947,,4.597827124580647,
Q2-014,2291.1496093941396,0.14708579649003184,,4.597827124580647,
Q2-014,2292.149378854869,0.12035667887087698,,4.597827124580647,
Q2-014,2293.1491483155983,0.09370945205725434,,4.597827124580647,
Q2-014,2294.148917776328,0.06714361650037404,,4.597827124580647,
Q2-014,2295.148687237057,0.04065867720551353,,4.5917510526353595,
Q2-014,2296.1484566977865,0.014254143673639419,3.5773285308820135,4.576584191069401,
Q2-014,2297.1482261585156,-0.012070470156032798,3.5684451758420437,4.561379206819311,
Q2-014,2298.147995619245,-0.038315645954298816,3.559507801828758,4.546136683628504,
Q2-014,2299.1477650799743,-0.06448186105356513,3.5505167790734475,4.530857201481382,
Q2-014,2300.147534540704,-0.09056958850933938,3.5414724781787186,4.515541336583425,
Q2-014,2301.147304001433,-0.11657929713830129,3.5323752700962388,4.500189661336577,
Q2-014,2302.1470734621626,-0.14251145157544443,3.523225526078406,4.484802744324355,
Q2-014,2303.1468429228917,-0.1683665123268554,3.514023617630116,4.469381150301473,
Q2-014,2304.146612383621,-0.1941449358105558,3.504769916487973,4.453925440167723,
Q2-014,2305.1463818443503,-0.21984717440859924,3.495464794572854,4.438436170959136,
Q2-014,2306.14615130508,-0.24547367651767615,3.486108623942826,4.422913895840523,
Q2-014,2307.145920765809,-0.27102488659001267,3.4767017767735666,4.40735916408066,
Q2-014,2308.145690226538,-0.29650124518195753,3.467244625311963,4.391772521047798,
Q2-014,2309.1454596872677,-0.32190318900177317,3.457737541830255,4.376154508205758,
Q2-014,2310.145229147997,-0.34723115094867296,3.4481808986075038,4.360505663092326,
Q2-014,2311.1449986087264,-0.37248556016005807,3.4385750678844715,4.34482651931684,
Q2-014,2312.1447680694555,-0.39766684205872593,3.4289204218190434,4.329117606557574,
Q2-014,2313.144537530185,-0.42277541838798527,3.4192173324687047,4.313379450545341,
Q2-014,2314.144306990914,-0.4478117072576282,3.409466171743773,4.297612573065891,
Q2-014,2315.1440764516437,-0.4727761231882681,3.3996673113788916,4.281817491946299,
Q2-014,2316.143845912373,-0.4976690771493537,3.3898211228869997,4.265994721065979,
Q2-014,2317.1436153731024,-0.5224909765973536,3.3799279775435025,4.250144770338238,
Q2-014,2318.1433848338315,-0.5472422255180049,3.369988246344164,4.234268145714452,
Q2-014,2319.143154294561,-0.5719232244693728,3.3600022999633268,4.218365349187394,
Q2-014,2320.14292375529,-0.5965343706129715,3.3499705087393608,4.202436878780958,
Q2-014,2321.1426932160193,-0.6210760577551184,3.3398932426336927,4.186483228555971,
Q2-014,2322.142462676749,-0.6455486763908027,3.3297708711905045,4.170504888612868,
Q2-014,2323.1422321374785,-0.6699526137288387,3.3196037635232614,4.154502345088886,
Q2-014,2324.1420015982076,-0.6942882537374118,3.3093922882751485,4.1384760801595775,
Q2-014,2325.1417710589367,-0.7185559771791645,3.29913681358002,4.122426572051381,
Q2-014,2326.1415405196663,-0.742756161642177,3.2888377070501775,4.106354295033341,
Q2-014,2327.1413099803954,-0.7668891815779091,3.278495335738171,4.090259719426911,
Q2-014,2328.141079441125,-0.7909554083396131,3.2681100660990126,4.074143311615586,
Q2-014,2329.140848901854,-0.8149552102084243,3.257682263979248,4.058005534042252,
Q2-014,2330.1406183625836,-0.838888952433237,3.2472122945800095,4.041846845217378,
Q2-014,2331.1403878233127,-0.8627569972637446,3.2367005224206338,4.025667699734598,
Q2-014,2332.1401572840423,-0.8865597039778095,3.226147311329015,4.009468548267222,
Q2-014,2333.1399267447714,-0.9102974289193213,3.2155530244058212,3.9932498375789436,
Q2-014,2334.139696205501,-0.9339705255298156,3.204918023989677,3.9770120105409745,
Q2-014,2335.13946566623,-0.9575793443753042,3.194242671648496,3.9607555061298143,
Q2-014,2336.1392351269596,-0.9811242331795995,3.1835273281453595,3.9444807594428966,
Q2-014,2337.1390045876888,-1.004605536860936,3.1727723534046532,3.928188201710398,
Q2-014,2338.138774048418,-1.0280235975513676,3.161978106504961,3.9118782603016484,
Q2-014,2339.1385435091474,-1.0513787546324949,3.1511449456460383,3.8955513587380466,
Q2-014,2340.1383129698766,-1.0746713447678644,3.140273228116513,3.879207916709703,
Q2-014,2341.138082430606,-1.0979017019241724,3.1293633102878005,3.862848350080043,
Q2-014,2342.1378518913352,-1.121070157406038,3.1184155475824014,3.8464730708999895,
Q2-014,2343.137621352065,-1.1441770398838145,3.107430294443091,3.830082487429408,
Q2-014,2344.137390812794,-1.167222675416454,3.0964079043279185,3.8136770041402883,
Q2-014,2345.1371602735235,-1.1902073874843069,3.085348729679879,3.7972570217329746,
Q2-014,2346.1369297342526,-1.2131314970160076,3.0742531218973284,3.780822937158618,
Q2-014,2347.136699194982,-1.2359953224107585,3.0631214313302877,3.764375143623141,
Q2-014,2348.1364686557113,-1.2587991795676743,3.051954007251382,3.747914030607191,
Q2-014,2349.136238116441,-1.2815433819152418,3.040751197827504,3.7314399838855934,
Q2-014,2350.13600757717,-1.3042282404295662,3.029513350117341,3.7149533855359778,
Q2-014,2351.135777037899,-1.3268540636651096,3.0182408100435794,3.698454613956926,
Q2-014,2352.1355464986286,-1.3494211577818902,3.006933922365789,3.681944043889729,
Q2-014,2353.135315959358,-1.3719298265622513,2.9955930306792453,3.665422046428887,
Q2-014,2354.1350854200873,-1.3943803714404908,2.9842184773883673,3.6488889890410263,
Q2-014,2355.1348548808164,-1.4167730915298478,2.9728106036808697,3.6323452355868824,
Q2-014,2356.134624341546,-1.4391082836393991,2.9613697495275204,3.6157911463314036,
Q2-014,2357.134393802275,-1.461386242301117,2.949896253657087,3.5992270779655513,
Q2-014,2358.1341632630047,-1.4836072597963295,2.938390453531582,3.5826533836282692,
Q2-014,2359.133932723734,-1.505771626170798,2.9268526853473134,3.566070412918876,
Q2-014,2360.1337021844633,-1.5278796292654135,2.915283284010556,3.5494785119141596,
Q2-014,2361.1334716451925,-1.549931554734755,2.9036825831147013,3.5328780231990606,
Q2-014,2362.133241105922,-1.5719276860672267,2.8920509149418763,3.5162692858731504,
Q2-014,2363.133010566651,-1.5938683046090318,2.880388610440292,3.499652635575103,
Q2-014,2364.1327800273807,-1.615753689588928,2.868695999201975,3.4830284045057454,
Q2-014,2365.13254948811,-1.6375841181329065,2.8569734094658656,3.46639692144079,
Q2-014,2366.1323189488394,-1.6593598652889199,2.8452211680935307,3.4497585117561442,
Q2-014,2367.1320884095685,-1.6810812040472172,2.8334396005616895,3.433113497443742,
Q2-014,2368.1318578702976,-1.7027484053640336,2.8216290309387517,3.416462197137804,
Q2-014,2369.131627331027,-1.7243617381739398,2.8097897818895774,3.3998049261296472,
Q2-014,2370.1313967917563,-1.7459214694149523,2.797922174655028,3.3831419963898384,
Q2-014,2371.131166252486,-1.7674278640509016,2.7860265290325543,3.366473716592907,
Q2-014,2372.130935713215,-1.788881185084307,2.7741031633815965,3.349800392131442,
Q2-014,2373.1307051739445,-1.8102816935789292,2.762152394604584,3.3331223251404936,
Q2-014,2374.1304746346736,-1.831629648681428,2.7501745381286185,3.316439814522653,
Q2-014,2375.130244095403,-1.8529253076358856,2.7381699079113986,3.299753155959934,
Q2-014,2376.1300135561323,-1.8741689258016265,2.7261388164240543,3.28306264194309,
Q2-014,2377.129783016862,-1.895360756679267,2.7140815746328713,3.2663685617909266,
Q2-014,2378.129552477591,-1.9165010519184165,2.701998492007391,3.249671201669912,
Q2-014,2379.1293219383206,-1.9375900613410124,2.6898898765030594,3.2329708446163608,
Q2-014,2380.1290913990497,-1.958628032961613,2.6777560345449842,3.2162677705619416,
Q2-014,2381.128860859779,-1.9796152129978566,2.6655972710361624,3.1995622563495516,
Q2-014,2382.1286303205084,-2.0005518458931704,2.653413889341408,3.182854575755755,
Q2-014,2383.128399781238,-2.021438174333582,2.641206191272289,3.1661449995196023,
Q2-014,2384.128169241967,-2.042274439260396,2.6289744770960226,3.1494337953555345,
Q2-014,2385.127938702696,-2.063060879888951,2.616719045520611,3.132721227979843,
Q2-014,2386.1277081634257,-2.0837977337303926,2.604440193680176,3.116007559132953,
Q2-014,2387.127477624155,-2.1044852365981797,2.592138217145248,3.0992930475991756,
Q2-014,2388.1272470848844,-2.1251236226296157,2.57981340990861,3.082577949229176,
Q2-014,2389.1270165456135,-2.14571312430364,2.567466064371871,3.06586251696622,
Q2-014,2390.126786006343,-2.1662539724524663,2.5550964713557534,3.0491470008596053,
Q2-014,2391.126555467072,-2.1867463962768454,2.5427049200876723,3.032431648093578,
Q2-014,2392.1263249278018,-2.2071906233667136,2.5302916981887478,3.0157167030096446,
Q2-014,2393.126094388531,-2.22758687970952,2.517857091685258,2.999002407123413,
Q2-014,2394.1258638492604,-2.2479353897077488,2.5054013849966594,2.9822889991501427,
Q2-014,2395.1256333099896,-2.2682363761988995,2.492924860923324,2.965576715026998,
Q2-014,2396.125402770719,-2.288490060460134,2.4804278006594984,2.9488657879338263,
Q2-014,2397.1251722314482,-2.308696662230176,2.467910483781097,2.9321564483128526,
Q2-014,2398.1249416921773,-2.3288563997227243,2.4553731882354697,2.91544892389787,
Q2-014,2399.124711152907,-2.3489694896367013,2.442816190353895,2.898743439727923,
Q2-014,2400.1244806136365,-2.3690361471726504,2.430239764841133,2.8820402181727047,
Q2-014,2401.1242500743656,-2.3890565860495485,2.4176441847651944,2.8653394789570683,
Q2-014,2402.1240195350947,-2.409031018512337,2.4050297215709406,2.8486414391772996,
Q2-014,2403.1237889958243,-2.428959655347896,2.39239664507042,2.8319463133262843,
Q2-014,2404.1235584565534,-2.4488427059030045,2.379745223433062,2.815254313315961,
Q2-014,2405.123327917283,-2.4686803780902977,2.3670757232000597,2.798565648494801,
Q2-014,2406.123097378012,-2.4884728784033143,2.354388409275643,2.781880525673472,
Q2-014,2407.1228668387416,-2.508220411933891,2.3416835449179274,2.7651991491469374,
Q2-014,2408.1226362994707,-2.5279231823784016,2.328961391753836,2.748521720711409,
Q2-014,2409.1224057602003,-2.547581392053246,2.316222209770743,2.7318484396882923,
Q2-014,2410.1221752209294,-2.5671952419103263,2.3034662573084574,2.7151795029481463,
Q2-014,2411.121944681659,-2.586764931542305,2.290693791074787,2.6985151049280347,
Q2-014,2412.121714142388,-2.6062906592019033,2.2779050661368245,2.681855437650185,
Q2-014,2413.1214836031177,-2.6257726218106257,2.2651003359151787,2.665200690753295,
Q2-014,2414.121253063847,-2.645211014968865,2.2522798521986545,2.648551051503375,
Q2-014,2415.121022524576,-2.6646060329696155,2.2394438651376163,2.6319067048185616,
Q2-014,2416.1207919853055,-2.683957868812996,2.2265926232371527,2.6152678332923642,
Q2-014,2417.1205614460346,-2.7032667142118783,2.213726373373447,2.598634617209612,
Q2-014,2418.120330906764,-2.722532759606594,2.2008453607848963,2.5820072345709377,
Q2-014,2419.1201003674933,-2.7417561941763893,2.187949829078093,2.5653858611093625,
Q2-014,2420.119869828223,-2.760937205850709,2.175040020220308,2.5487706703183193,
Q2-014,2421.119639288952,-2.7800759813185607,2.162116174555223,2.532161833462311,
Q2-014,2422.1194087496815,-2.7991727060386182,2.149178530798295,2.515559519604011,
Q2-014,2423.1191782104106,-2.818227564255025,2.136227326030763,2.4989638956242715,
Q2-014,2424.11894767114,-2.8372407390016434,2.123262795717139,2.482375126238253,
Q2-014,2425.1187171318693,-2.8562124121154824,2.1102851737000634,2.4657933740177924,
Q2-014,2426.118486592599,-2.8751427642495315,2.097294692195561,2.449218799414183,
Q2-014,2427.118256053328,-2.894031974879212,2.084291581810163,2.4326515607709496,
Q2-014,2428.118025514057,-2.9128802223125376,2.0712760715371843,2.416091814349599,
Q2-014,2429.1177949747866,-2.931687683704425,2.0582483887518492,2.3995397143495865,
Q2-014,2430.117564435516,-2.950454535062562,2.0452087592289843,2.3829954129214457,
Q2-014,2431.1173338962453,-2.9691809512570444,2.032157407139664,2.3664590601921986,
Q2-014,2432.1171033569744,-2.9878671060349404,2.019094555046749,2.3499308042842983,
Q2-014,2433.116872817704,-3.006513172023361,2.0060204239236015,2.333410791331616,
Q2-014,2434.116642278433,-3.0251193207437552,1.9929352331497086,2.3168991654983273,
Q2-014,2435.1164117391627,-3.043685722621177,1.9798392005081382,2.3003960690035825,
Q2-014,2436.116181199892,-3.0622125469900254,1.9667325422036583,2.283901642133614,
Q2-014,2437.1159506606214,-3.080699962105598,1.9536154728595392,2.2674160232632516,
Q2-014,2438.1157201213505,-3.0991481351555024,1.9404882055146828,2.2509393488771536,
Q2-014,2439.11548958208,-3.1175572322650993,1.927350951641941,2.2344717535816443,
Q2-014,2440.115259042809,-3.1359274185063413,1.9142039211461963,2.2180133701289293,
Q2-014,2441.1150285035387,-3.154258857910804,1.901047322361137,2.2015643294354277,
Q2-014,2442.114797964268,-3.1725517134744052,1.8878813620681,2.1851247605940074,
Q2-014,2443.1145674249974,-3.1908061471659437,1.874706245494366,2.168694790897746,
Q2-014,2444.1143368857265,-3.2090223199403596,1.861522176310345,2.1522745458572956,
Q2-014,2445.087089383473,-3.208929297668348,1.861148811986041,2.1519767339179623,
Q2-014,2446.059841881219,-3.2088378410130645,1.860773474366681,2.1516767980807714,
Q2-014,2447.0325943789658,-3.208747950073459,1.8603961639666124,2.151374738787112,
Q2-014,2448.005346876712,-3.2086596249467902,1.8600168813027977,2.1510705564815,
Q2-014,2448.9780993744585,-3.208572865728641,1.8596356268948,2.150764251611463,
Q2-014,2449.950851872205,-3.208487672512888,1.8592524012647687,2.1504558246275707,
Q2-014,2450.923604369951,-3.208404045391731,1.8588672049374395,2.1501452759834763,
Q2-014,2451.8963568676977,-3.208321984455665,1.858480038440149,2.1498326061358455,
Q2-014,2452.8691093654443,-3.2082414897935223,1.8580909023028056,2.1495178155443853,
Q2-014,2453.8418618631904,-3.2081625614924008,1.8576997970579328,2.1492009046718863,
Q2-014,2454.814614360937,-3.208085199637736,1.8573067232405833,2.1488818739841093,
Q2-014,2455.787366858683,-3.208009404313273,1.8569116813884534,2.148560723949899,
Q2-014,2456.7601193564296,-3.207935175601051,1.8565146720417687,2.1482374550411265,
Q2-014,2457.732871854176,-3.207862513581418,1.8561156957433553,2.1479120677326904,
Q2-014,2458.7056243519223,-3.207791418333045,1.8557147530385976,2.1475845625025016,
Q2-014,2459.678376849669,-3.207721889932884,1.855311844475466,2.1472549398315266,
Q2-014,2460.651129347415,-3.2076539284562244,1.8549069706044605,2.146923200203716,
Q2-014,2461.6238818451616,-3.2075875339766355,1.8545001319787104,2.14658934410609,
Q2-014,2462.596634342908,-3.207522706565996,1.854091329153846,2.146253372028667,
Q2-014,2463.5693868406543,-3.207459446294507,1.8536805626880835,2.1459152844644507,
Q2-014,2464.542139338401,-3.2073977532306515,1.8532678331422119,2.145575081909513,
Q2-014,2465.5148918361474,-3.2073376274412624,1.8528531410795352,2.145232764862911,
Q2-014,2466.4876443338935,-3.2072790689914257,1.8524364870659582,2.1448883338266995,
Q2-014,2467.46039683164,-3.20722207794455,1.8520178716699007,2.1445417893059755,
Q2-014,2468.433149329386,-3.2071666543623536,1.8515972954623408,2.144193131808805,
Q2-014,2469.4059018271328,-3.2071127983048626,1.8511747590168,2.143842361846268,
Q2-014,2470.4059018271328,-3.2071127983048626,1.8511747590168,2.143842361846268,
Q2-014,2471.4059018271328,-3.2071127983048626,1.8511747590168,2.143842361846268,
Q2-014,2472.4059018271328,-3.2071127983048626,1.8511747590168,2.143842361846268,
Q2-014,2473.4059018271328,-3.2071127983048626,1.8511747590168,2.143842361846268,
Q2-014,2474.4059018271328,-3.2071127983048626,1.8511747590168,2.143842361846268,
Q2-014,2475.4059018271328,-3.2071127983048626,1.8511747590168,2.143842361846268,
Q2-014,2476.4059018271328,-3.2071127983048626,1.8511747590168,2.143842361846268,
Q2-014,2477.4059018271328,-3.2071127983048626,1.8511747590168,2.143842361846268,
Q2-014,2478.4059018271328,-3.2071127983048626,1.8511747590168,2.143842361846268,
Q2-014,2479.4059018271328,-3.2071127983048626,1.8511747590168,2.143842361846268,
Q2-014,2480.4059018271328,-3.2071127983048626,1.8511747590168,2.143842361846268,
Q2-014,2481.4059018271328,-3.2071127983048626,1.8511747590168,2.143842361846268,
Q2-014,2482.4059018271328,-3.2071127983048626,1.8511747590168,2.143842361846268,
Q2-014,2483.4059018271328,-3.2071127983048626,1.8511747590168,2.143842361846268,
Q2-014,2484.4059018271328,-3.2071127983048626,1.8511747590168,2.143842361846268,
Q2-014,2485.4059018271328,-3.2071127983048626,1.8511747590168,2.143842361846268,
Q2-014,2486.4059018271328,-3.2071127983048626,1.8511747590168,2.143842361846268,
Q2-014,2487.4059018271328,-3.2071127983048626,1.8511747590168,2.143842361846268,
Q2-014,2488.4059018271328,-3.2071127983048626,1.8511747590168,2.143842361846268,
Q2-014,2489.4059018271328,-3.2071127983048626,1.8511747590168,2.143842361846268,
Q2-014,2490.4059018271328,-3.2071127983048626,1.8511747590168,2.143842361846268,
Q2-014,2491.4059018271328,-3.2071127983048626,1.8511747590168,2.143842361846268,
Q2-014,2492.4059018271328,-3.2071127983048626,1.8511747590168,2.143842361846268,
Q2-014,2493.4059018271328,-3.2071127983048626,1.8511747590168,2.143842361846268,
Q2-014,2494.4059018271328,-3.2071127983048626,1.8511747590168,2.143842361846268,
Q2-014,2495.4059018271328,-3.2071127983048626,1.8511747590168,2.143842361846268,
Q2-014,2496.4059018271328,-3.2071127983048626,1.8511747590168,2.143842361846268,
Q2-014,2497.4059018271328,-3.2071127983048626,1.8511747590168,2.143842361846268,
Q2-014,2498.4059018271328,-3.2071127983048626,1.8511747590168,2.143842361846268,
Q2-014,2499.4059018271328,-3.2071127983048626,1.8511747590168,2.143842361846268,
Q2-014,2500.4059018271328,-3.2071127983048626,1.8511747590168,2.143842361846268,
Q2-014,2501.4059018271328,-3.2071127983048626,1.8511747590168,2.143842361846268,
Q2-014,2502.4059018271328,-3.2071127983048626,1.8511747590168,2.143842361846268,
Q2-014,2503.4059018271328,-3.2071127983048626,1.8511747590168,2.143842361846268,
Q2-014,2504.4059018271328,-3.2071127983048626,1.8511747590168,2.143842361846268,
Q2-014,2505.4059018271328,-3.2071127983048626,1.8511747590168,2.143842361846268,
Q2-014,2506.4059018271328,-3.2071127983048626,1.8511747590168,2.143842361846268,
Q2-014,2507.4059018271328,-3.2071127983048626,1.8511747590168,2.143842361846268,
Q2-014,2508.4059018271328,-3.2071127983048626,1.8511747590168,2.143842361846268,
Q2-014,2509.4059018271328,-3.2071127983048626,1.8511747590168,2.143842361846268,
Q2-014,2510.4059018271328,-3.2071127983048626,1.8511747590168,2.143842361846268,
Q2-014,2511.4059018271328,-3.2071127983048626,1.8511747590168,2.143842361846268,
Q2-014,2512.4059018271328,-3.2071127983048626,1.8511747590168,2.143842361846268,
Q2-014,2513.4059018271328,-3.2071127983048626,1.8511747590168,2.143842361846268,
Q2-014,2514.4059018271328,-3.2071127983048626,1.8511747590168,2.143842361846268,
Q2-014,2515.4059018271328,-3.2071127983048626,1.8511747590168,2.143842361846268,
Q2-014,2516.4059018271328,-3.2071127983048626,1.8511747590168,2.143842361846268,
Q2-014,2517.4059018271328,-3.2071127983048626,1.8511747590168,2.143842361846268,
Q2-014,2518.4059018271328,-3.2071127983048626,1.8511747590168,2.143842361846268,
Q2-014,2519.4059018271328,-3.2071127983048626,1.8511747590168,2.143842361846268,
Q2-014,2520.4059018271328,-3.2071127983048626,1.8511747590168,2.143842361846268,
Q2-014,2521.4059018271328,-3.2071127983048626,1.8511747590168,2.143842361846268,
Q2-014,2522.4059018271328,-3.2071127983048626,1.8511747590168,2.143842361846268,
Q2-014,2523.4059018271328,-3.2071127983048626,1.8511747590168,2.143842361846268,
Q2-014,2524.4059018271328,-3.2071127983048626,1.8511747590168,2.143842361846268,
Q2-014,2525.4059018271328,-3.2071127983048626,1.8511747590168,2.143842361846268,
Q2-014,2526.4059018271328,-3.2071127983048626,1.8511747590168,2.143842361846268,
Q2-014,2527.4059018271328,-3.2071127983048626,1.8511747590168,2.143842361846268,
Q2-014,2528.4059018271328,-3.2071127983048626,1.8511747590168,2.143842361846268,
Q2-014,2529.4059018271328,-3.2071127983048626,1.8511747590168,2.143842361846268,
Q2-014,2530.4059018271328,-3.2071127983048626,1.8511747590168,2.143842361846268,
Q2-014,2531.4059018271328,-3.2071127983048626,1.8511747590168,2.143842361846268,
Q2-014,2532.4059018271328,-3.2071127983048626,1.8511747590168,2.143842361846268,
Q2-014,2533.4059018271328,-3.2071127983048626,1.8511747590168,2.143842361846268,
Q2-014,2534.4059018271328,-3.2071127983048626,1.8511747590168,2.143842361846268,
Q2-014,2535.4059018271328,-3.2071127983048626,1.8511747590168,2.143842361846268,
Q2-014,2536.4059018271328,-3.2071127983048626,1.8511747590168,2.143842361846268,
Q2-014,2537.4059018271328,-3.2071127983048626,1.8511747590168,2.143842361846268,
Q2-014,2538.4059018271328,-3.2071127983048626,1.8511747590168,2.143842361846268,
Q2-014,2539.4059018271328,-3.2071127983048626,1.8511747590168,2.143842361846268,
Q2-014,2540.4059018271328,-3.2071127983048626,1.8511747590168,2.143842361846268,
Q2-014,2541.4059018271328,-3.2071127983048626,1.8511747590168,2.143842361846268,
Q2-014,2542.4059018271328,-3.2071127983048626,1.8511747590168,2.143842361846268,
Q2-014,2543.4059018271328,-3.2071127983048626,1.8511747590168,2.143842361846268,
Q2-014,2544.4059018271328,-3.2071127983048626,1.8511747590168,2.143842361846268,
Q2-014,2545.4059018271328,-3.2071127983048626,1.8511747590168,2.143842361846268,
Q2-014,2546.4059018271328,-3.2071127983048626,1.8511747590168,2.143842361846268,
Q2-014,2547.4059018271328,-3.2071127983048626,1.8511747590168,2.143842361846268,
Q2-014,2548.4059018271328,-3.2071127983048626,1.8511747590168,2.143842361846268,
Q2-014,2549.4059018271328,-3.2071127983048626,1.8511747590168,2.143842361846268,
Q2-014,2550.4059018271328,-3.2071127983048626,1.8511747590168,2.143842361846268,
Q2-014,2551.4059018271328,-3.2071127983048626,1.8511747590168,2.143842361846268,
Q2-014,2552.4059018271328,-3.2071127983048626,1.8511747590168,2.143842361846268,
Q2-014,2553.4059018271328,-3.2071127983048626,1.8511747590168,2.143842361846268,
Q2-014,2554.4059018271328,-3.2071127983048626,1.8511747590168,2.143842361846268,
Q2-014,2555.4059018271328,-3.2071127983048626,1.8511747590168,2.143842361846268,
Q2-014,2556.4059018271328,-3.2071127983048626,1.8511747590168,2.143842361846268,
Q2-014,2557.4059018271328,-3.2071127983048626,1.8511747590168,2.143842361846268,
Q2-014,2558.4059018271328,-3.2071127983048626,1.8511747590168,2.143842361846268,
Q2-014,2559.4059018271328,-3.2071127983048626,1.8511747590168,2.143842361846268,
Q2-014,2560.4059018271328,-3.2071127983048626,1.8511747590168,2.143842361846268,
Q2-014,2561.4059018271328,-3.2071127983048626,1.8511747590168,2.143842361846268,
Q2-014,2562.4059018271328,-3.2071127983048626,1.8511747590168,2.143842361846268,
Q2-014,2563.4059018271328,-3.2071127983048626,1.8511747590168,2.143842361846268,
Q2-014,2564.4059018271328,-3.2071127983048626,1.8511747590168,2.143842361846268,
Q2-014,2565.4059018271328,-3.2071127983048626,1.8511747590168,2.143842361846268,
Q2-014,2566.4059018271328,-3.2071127983048626,1.8511747590168,2.143842361846268,
Q2-014,2567.4059018271328,-3.2071127983048626,1.8511747590168,2.143842361846268,
Q2-014,2568.4059018271328,-3.2071127983048626,1.8511747590168,2.143842361846268,
Q2-014,2569.4059018271328,-3.2071127983048626,1.8511747590168,2.143842361846268,
Q2-014,2570.4059018271328,-3.2071127983048626,1.8511747590168,2.143842361846268,
Q2-014,2571.4059018271328,-3.2071127983048626,1.8511747590168,2.143842361846268,
Q2-014,2572.4059018271328,-3.2071127983048626,1.8511747590168,2.143842361846268,
Q2-014,2573.4059018271328,-3.2071127983048626,1.8511747590168,2.143842361846268,
Q2-014,2574.4059018271328,-3.2071127983048626,1.8511747590168,2.143842361846268,
Q2-014,2575.4059018271328,-3.2071127983048626,1.8511747590168,2.143842361846268,
Q2-014,2576.4059018271328,-3.2071127983048626,1.8511747590168,2.143842361846268,
Q2-014,2577.4059018271328,-3.2071127983048626,1.8511747590168,2.143842361846268,
Q2-014,2578.4059018271328,-3.2071127983048626,1.8511747590168,2.143842361846268,
Q2-014,2579.4059018271328,-3.2071127983048626,1.8511747590168,2.143842361846268,
Q2-014,2580.4059018271328,-3.2071127983048626,1.8511747590168,2.143842361846268,
Q2-014,2581.4059018271328,-3.2071127983048626,1.8511747590168,2.143842361846268,
Q2-014,2582.4059018271328,-3.2071127983048626,1.8511747590168,2.143842361846268,
Q2-014,2583.4059018271328,-3.2071127983048626,1.8511747590168,2.143842361846268,
Q2-014,2584.4059018271328,-3.2071127983048626,1.8511747590168,2.143842361846268,
Q2-014,2585.4059018271328,-3.2071127983048626,1.8511747590168,2.143842361846268,
Q2-014,2586.4059018271328,-3.2071127983048626,1.8511747590168,2.143842361846268,
Q2-014,2587.4059018271328,-3.2071127983048626,1.8511747590168,2.143842361846268,
Q2-014,2588.4059018271328,-3.2071127983048626,1.8511747590168,2.143842361846268,
Q2-014,2589.4059018271328,-3.2071127983048626,1.8511747590168,2.143842361846268,
Q2-014,2590.4059018271328,-3.2071127983048626,1.8511747590168,2.143842361846268,
Q2-014,2591.4059018271328,-3.2071127983048626,1.8511747590168,2.143842361846268,
Q2-014,2592.4059018271328,-3.2071127983048626,1.8511747590168,2.143842361846268,
Q2-014,2593.4059018271328,-3.2071127983048626,1.8511747590168,2.143842361846268,
Q2-014,2594.4059018271328,-3.2071127983048626,1.8511747590168,2.143842361846268,
Q2-014,2595.4059018271328,-3.2071127983048626,1.8511747590168,2.143842361846268,
Q2-014,2596.4059018271328,-3.2071127983048626,1.8511747590168,2.143842361846268,
Q2-014,2597.4059018271328,-3.2071127983048626,1.8511747590168,2.143842361846268,
Q2-014,2598.4059018271328,-3.2071127983048626,1.8511747590168,2.143842361846268,
Q2-014,2599.4059018271328,-3.2071127983048626,1.8511747590168,2.143842361846268,
Q2-014,2600.4059018271328,-3.2071127983048626,1.8511747590168,2.143842361846268,
Q2-014,2601.4059018271328,-3.2071127983048626,1.8511747590168,2.143842361846268,
Q2-014,2602.4059018271328,-3.2071127983048626,1.8511747590168,2.143842361846268,
Q2-014,2603.4059018271328,-3.2071127983048626,1.8511747590168,2.143842361846268,
Q2-014,2604.4059018271328,-3.2071127983048626,1.8511747590168,2.143842361846268,
Q2-014,2605.4059018271328,-3.2071127983048626,1.8511747590168,2.143842361846268,
Q2-014,2606.4059018271328,-3.2071127983048626,1.8511747590168,2.143842361846268,
Q2-014,2607.4059018271328,-3.2071127983048626,1.8511747590168,2.143842361846268,
Q2-014,2608.4059018271328,-3.2071127983048626,1.8511747590168,2.143842361846268,
Q2-014,2609.4059018271328,-3.2071127983048626,1.8511747590168,2.143842361846268,
Q2-014,2610.4059018271328,-3.2071127983048626,1.8511747590168,2.143842361846268,
Q2-014,2611.4059018271328,-3.2071127983048626,1.8511747590168,2.143842361846268,
Q2-014,2612.4059018271328,-3.2071127983048626,1.8511747590168,2.143842361846268,
Q2-014,2613.4059018271328,-3.2071127983048626,1.8511747590168,2.143842361846268,
Q2-014,2614.4059018271328,-3.2071127983048626,1.8511747590168,2.143842361846268,
Q2-014,2615.4059018271328,-3.2071127983048626,1.8511747590168,2.143842361846268,
Q2-014,2616.4059018271328,-3.2071127983048626,1.8511747590168,2.143842361846268,
Q2-014,2617.4059018271328,-3.2071127983048626,1.8511747590168,2.143842361846268,
Q2-014,2618.4059018271328,-3.2071127983048626,1.8511747590168,2.143842361846268,
Q2-014,2619.4059018271328,-3.2071127983048626,1.8511747590168,2.143842361846268,
Q2-014,2620.4059018271328,-3.2071127983048626,1.8511747590168,2.143842361846268,
Q2-014,2621.4059018271328,-3.2071127983048626,1.8511747590168,2.143842361846268,
Q2-014,2622.4059018271328,-3.2071127983048626,1.8511747590168,2.143842361846268,
Q2-014,2623.4059018271328,-3.2071127983048626,1.8511747590168,2.143842361846268,
Q2-014,2624.4059018271328,-3.2071127983048626,1.8511747590168,2.143842361846268,
Q2-014,2625.4059018271328,-3.2071127983048626,1.8511747590168,2.143842361846268,
Q2-014,2626.4059018271328,-3.2071127983048626,1.8511747590168,2.143842361846268,
Q2-014,2627.4059018271328,-3.2071127983048626,1.8511747590168,2.143842361846268,
Q2-014,2628.4059018271328,-3.2071127983048626,1.8511747590168,2.143842361846268,
Q2-014,2629.4059018271328,-3.2071127983048626,1.8511747590168,2.143842361846268,
Q2-014,2630.4059018271328,-3.2071127983048626,1.8511747590168,2.143842361846268,
Q2-014,2631.4059018271328,-3.2071127983048626,1.8511747590168,2.143842361846268,
Q2-014,2632.4059018271328,-3.2071127983048626,1.8511747590168,2.143842361846268,
Q2-014,2633.4059018271328,-3.2071127983048626,1.8511747590168,2.143842361846268,
Q2-014,2634.4059018271328,-3.2071127983048626,1.8511747590168,2.143842361846268,
Q2-014,2635.4059018271328,-3.2071127983048626,1.8511747590168,2.143842361846268,
Q2-014,2636.4059018271328,-3.2071127983048626,1.8511747590168,2.143842361846268,
Q2-014,2637.4059018271328,-3.2071127983048626,1.8511747590168,2.143842361846268,
Q2-014,2638.4059018271328,-3.2071127983048626,1.8511747590168,2.143842361846268,
Q2-014,2639.4059018271328,-3.2071127983048626,1.8511747590168,2.143842361846268,
Q2-014,2640.4059018271328,-3.2071127983048626,1.8511747590168,2.143842361846268,
Q2-014,2641.4059018271328,-3.2071127983048626,1.8511747590168,2.143842361846268,
Q2-014,2642.4059018271328,-3.2071127983048626,1.8511747590168,2.143842361846268,
Q2-014,2643.4059018271328,-3.2071127983048626,1.8511747590168,2.143842361846268,
Q2-014,2644.4059018271328,-3.2071127983048626,1.8511747590168,2.143842361846268,
Q2-014,2645.4059018271328,-3.2071127983048626,1.8511747590168,2.143842361846268,
Q2-014,2646.4059018271328,-3.2071127983048626,1.8511747590168,2.143842361846268,
Q2-014,2647.4059018271328,-3.2071127983048626,1.8511747590168,2.143842361846268,
Q2-014,2648.4059018271328,-3.2071127983048626,1.8511747590168,2.143842361846268,
Q2-014,2649.4059018271328,-3.2071127983048626,1.8511747590168,2.143842361846268,
Q2-014,2650.3986962878535,-3.2071789728253037,1.8516919798197193,2.1442716675627764,
Q2-014,2651.3914907485737,-3.2072474985326522,1.8522062601722666,2.1446978045166247,
Q2-014,2652.3842852092944,-3.207318375315566,1.852717599022455,2.14512077177082,
Q2-014,2653.3770796700146,-3.2073916030589373,1.8532259953240242,2.14554056839512,
Q2-014,2654.3698741307353,-3.2074671816438354,1.853731448036413,2.1459571934660033,
Q2-014,2655.3626685914555,-3.207545110947507,1.8542339561248582,2.146370646066771,
Q2-014,2656.355463052176,-3.2076253908433614,1.8547335185602805,2.146780925287473,
Q2-014,2657.3482575128965,-3.207708021201057,1.8552301343194273,2.147188030224953,
Q2-014,2658.341051973617,-3.2077930018863867,1.8557238023847447,2.147591959982833,
Q2-014,2659.3338464343374,-3.2078803327613628,1.8562145217444908,2.1479927136715418,
Q2-014,2660.326640895058,-3.2079700136841467,1.8567022913926934,2.148390290408315,
Q2-014,2661.3194353557788,-3.2080620445091625,1.85718711032915,2.1487846893172105,
Q2-014,2662.312229816499,-3.2081564250869548,1.8576689775594417,2.1491759095290632,
Q2-014,2663.3050242772197,-3.208253155264302,1.8581478920949905,2.149563950181559,
Q2-014,2664.29781873794,-3.2083522348841598,1.8586238529529595,2.149948810419204,
Q2-014,2665.2906131986606,-3.20845366378569,1.8590968591563808,2.150330489393369,
Q2-014,2666.283407659381,-3.2085574418042313,1.8595669097340704,2.1507089862622166,
Q2-014,2667.2762021201015,-3.2086635687713283,1.8600340037206848,2.1510843001907745,
Q2-014,2668.2689965808217,-3.208772044514731,1.860498140156679,2.1514564303509616,
Q2-014,2669.2617910415424,-3.2088828688583817,1.8609593180883905,2.1518253759215042,
Q2-014,2670.2545855022627,-3.208996041622399,1.8614175365679557,2.152191136088021,
Q2-014,2671.2473799629834,-3.20911156262315,1.8618727946533937,2.1525537100429943,
Q2-014,2672.240174423704,-3.209229431673151,1.8623250914085645,2.152913096985799,
Q2-014,2673.2329688844243,-3.2093496485811386,1.862774425903197,2.1532692961226587,
Q2-014,2674.225763345145,-3.2094722131520825,1.8632207972128754,2.1536223066667333,
Q2-014,2675.218557805865,-3.209597125187102,1.8636642044190666,2.1539721278380455,
Q2-014,2676.211352266586,-3.2097243844835646,1.8641046466091353,2.154318758863525,
Q2-014,2677.204146727306,-3.209853990835029,1.8645421228763013,2.1546621989770074,
Q2-014,2678.196941188027,-3.2099859440312457,1.8649766323196957,2.1550024474192497,
Q2-014,2679.189735648747,-3.2101202438581993,1.8654081740443473,2.155339503437915,
Q2-014,2680.1825301094677,-3.2102568900980657,1.865836747161211,2.1556733662876013,
Q2-014,2681.175324570188,-3.210395882529255,1.8662623507871103,2.1560040352298273,
Q2-014,2682.1681190309087,-3.2105372209263408,1.8666849840448094,2.1563315095330324,
Q2-014,2683.162880585572,-3.2283709981418127,1.8562973333507244,2.1380036978852814,
Q2-014,2684.157642140235,-3.2461692881042836,1.8458863227101006,2.1197016161995634,
Q2-014,2685.1524036948986,-3.263932227343915,1.835452179133469,2.1014252642289364,
Q2-014,2686.147165249562,-3.281659951629436,1.8249951287788946,2.083174640821113,
Q2-014,2687.141926804225,-3.299352595981219,1.8145153969260832,2.0649497439380866,
Q2-014,2688.1366883588885,-3.317010294667341,1.8040132079895415,2.046750570668422,
Q2-014,2689.1314499135515,-3.3346331812191323,1.7934887854921584,2.0285771172434437,
Q2-014,2690.126211468215,-3.3522213884270116,1.7829423520787344,2.0104293790490573,
Q2-014,2691.1209730228784,-3.369775048353574,1.7723741294907995,1.9923073506445945,
Q2-014,2692.1157345775414,-3.3872942923318448,1.7617843385795453,1.9742110257712255,
Q2-014,2693.110496132205,-3.404779250975693,1.7511731992819506,1.956140397373332,
Q2-014,2694.1052576868683,-3.4222300541805737,1.7405409306330597,1.9380954576036373,
Q2-014,2695.1000192415313,-3.4396468311337856,1.7298877507425487,1.9200761978440823,
Q2-014,2696.0947807961948,-3.4570297103127245,1.7192138768081122,1.902082608713627,
Q2-014,2697.089542350858,-3.4743788194974456,1.7085195250915746,1.8841146800857302,
Q2-014,2698.084303905521,-3.491694285766542,1.6978049109333995,1.866172401098808,
Q2-014,2699.0790654601847,-3.5089762355118808,1.6870702487282756,1.8482557601702752,
Q2-014,2700.0738270148477,-3.5262247944344836,1.6763157519399527,1.8303647450067047,
Q2-014,2701.068588569511,-3.543440087556732,1.665541633078007,1.8124993426204696,
Q2-014,2702.0633501241746,-3.5606222392202085,1.6547481037122225,1.7946595393372178,
Q2-014,2703.0581116788376,-3.5777713730976757,1.6439353744498106,1.7768453208119865,
Q2-014,2704.052873233501,-3.5948876121898934,1.6331036549483713,1.7590566720394918,
Q2-014,2705.0476347881645,-3.611971078835552,1.6222531539040972,1.7412935773640044,
Q2-014,2706.0423963428275,-3.629021894716601,1.6113840790419545,1.7235560204949252,
Q2-014,2707.037157897491,-3.6460401808571987,1.6004966371281597,1.7058439845136775,
Q2-014,2708.0319194521544,-3.6630260576355766,1.58959103394821,1.6881574518888556,
Q2-014,2709.0266810068174,-3.679979644779749,1.578667474322856,1.6704964044850925,
Q2-014,2710.021442561481,-3.6969010613816096,1.5677261620855774,1.652860823574997,
Q2-014,2711.016204116144,-3.7137904258925687,1.5567673000986417,1.635250689847723,
Q2-014,2712.0109656708073,-3.7306478561352634,1.545791090232001,1.61766598342345,
Q2-014,2713.0057272254708,-3.747473469301454,1.5347977333785963,1.6001066838588827,
Q2-014,2714.0004887801338,-3.7642673819613037,1.5237874294344493,1.5825727701640915,
Q2-014,2714.995250334797,-3.7810297100636348,1.512760377313299,1.5650642208050414,
Q2-014,2715.9900118894607,-3.7977605689449803,1.5017167749269902,1.5475810137199915,
Q2-014,2716.9847734441237,-3.8144600733275524,1.4906568192013196,1.5301231263247246,
Q2-014,2717.979534998787,-3.831128337330071,1.4795807060558843,1.5126905355262608,
Q2-014,2718.97429655345,-3.847765474465234,1.468488630420353,1.4952832177284137,
Q2-014,2719.9690581081136,-3.8643715976503756,1.4573807862146992,1.477901148845291,
Q2-014,2720.963819662777,-3.8809468192049366,1.4462573663655292,1.4605443043064525,
Q2-014,2721.95858121744,-3.8974912508611084,1.4351185627867267,1.4432126590702126,
Q2-014,2722.9533427721035,-3.9140050037611616,1.4239645663959095,1.425906187628513,
Q2-014,2723.948104326767,-3.9304881884680043,1.4127955670953725,1.40862486401997,
Q2-014,2724.94286588143,-3.946940914963804,1.401611753786355,1.3913686618344485,
Q2-014,2725.9376274360934,-3.963363292654549,1.3904133143620925,1.3741375542255128,
Q2-014,2726.932388990757,-3.9797554303790292,1.3792004356991185,1.3569315139170044,
Q2-014,2727.92715054542,-3.9961174364051573,1.3679733036727555,1.3397505132102197,
Q2-014,2728.9219121000833,-4.012449418440752,1.3567321031385546,1.3225945239955905,
Q2-014,2729.9166736547463,-4.028751483631211,1.3454770179491362,1.3054635177562801,
Q2-014,2730.91143520941,-4.045023738567949,1.33420823093698,1.2883574655823509,
Q2-014,2731.9061967640732,-4.061266289288341,1.3229259239303985,1.2712763381714751,
Q2-014,2732.9009583187362,-4.077479241284067,1.311630277736512,1.2542201058427338,
Q2-014,2733.8957198733997,-4.093662699498708,1.3003214721584584,1.2371887385399845,
Q2-014,2734.890481428063,-4.109816768337851,1.2889996859778563,1.220182205843102,
Q2-014,2735.885242982726,-4.125941551666671,1.2776650969720578,1.203200476971233,
Q2-014,2736.8800045373896,-4.142037152818176,1.2663178818977485,1.1862435207959692,
Q2-014,2737.874766092053,-4.158103674592894,1.254958216507248,1.1693113058416031,
Q2-014,2738.869527646716,-4.1741412192671135,1.243586275532465,1.152403800298103,
Q2-014,2739.8642892013795,-4.190149888590341,1.2322022327022921,1.1355209720239543,
Q2-014,2740.8590507560425,-4.206129783795603,1.220806260725709,1.1186627885560938,
Q2-014,2741.853812310706,-4.222081005594745,1.2093985313104838,1.1018292171153803,
Q2-014,2742.8485738653694,-4.238003654190777,1.1979792151453523,1.0850202246135012,
Q2-014,2743.8433354200324,-4.2538978292732,1.1865484819188765,1.0682357776582734,
Q2-014,2744.838096974696,-4.269763630028038,1.175106500302931,1.051475842563093,
Q2-014,2745.8328585293593,-4.285601155136163,1.1636534379684491,1.0347403853497497,
Q2-014,2746.8276200840223,-4.301410502777145,1.152189461580818,1.0180293717582316,
Q2-014,2747.822381638686,-4.317191770637464,1.1407147367934698,1.001342767250918,
Q2-014,2748.817143193349,-4.332945055906606,1.1292294282647077,0.984680537017951,
Q2-014,2749.8119047480122,-4.34867045528685,1.117733699641846,0.968042645986074,
Q2-014,2750.8066663026757,-4.36436806499033,1.1062277135795,0.9514290588212049,
Q2-014,2751.8014278573387,-4.380037980748767,1.0947116317239107,0.934839739937118,
Q2-014,2752.796189412002,-4.39568029780871,1.0831856147321162,0.9182746534999922,
Q2-014,2753.7909509666656,-4.411295110943456,1.0716498222554804,0.9017337634342084,
Q2-014,2754.7857125213286,-4.426882514448195,1.0601044129589923,0.8852170334267981,
Q2-014,2755.780474075992,-4.442442602149683,1.0485495445059598,0.8687244269356285,
Q2-014,2756.7752356306555,-4.457975467403571,1.0369853735763712,0.8522559071911218,
Q2-014,2757.7699971853185,-4.4734812031018265,1.0254120558528683,0.835811437206857,
Q2-014,2758.764758739982,-4.4889599016722315,1.0138297460380556,0.8193909797785466,
Q2-014,2759.759520294645,-4.504411655085647,1.0022385978407868,0.8029944974943959,
Q2-014,2760.7542818493084,-4.519836554853441,0.9906387639944398,0.7866219527366525,
Q2-014,2761.749043403972,-4.5352346920367665,0.979030396242436,0.7702733076890809,
Q2-014,2762.743804958635,-4.550606157241788,0.9674136453576665,0.7539485243410553,
Q2-014,2763.7385665132983,-4.565951040631177,0.9557886611270305,0.7376475644922209,
Q2-014,2764.733328067962,-4.581269431919935,0.9441555923689293,0.7213703897568422,
Q2-014,2765.728089622625,-4.596561420380965,0.9325145869292442,0.7051169615690185,
Q2-014,2766.7228511772882,-4.611827094850042,0.9208657916776701,0.6888872411885814,
Q2-014,2767.7176127319517,-4.62706654372397,0.909209352524158,0.6726811897024305,
Q2-014,2768.7123742866147,-4.642279854967441,0.8975454144060961,0.6564987680341403,
Q2-014,2769.707135841278,-4.657467116112485,0.8858741213057613,0.6403399369423397,
Q2-014,2770.701897395941,-4.672628414265432,0.8741956162376141,0.6242046570300772,
Q2-014,2771.6966589506046,-4.687763836104082,0.8625100412669298,0.6080928887456594,
Q2-014,2772.691420505268,-4.702873467886732,0.8508175374961269,0.592004592389344,
Q2-014,2773.686182059931,-4.717957395447343,0.8391182450845776,0.575939728116623,
Q2-014,2774.6809436145945,-4.733015704206494,0.8274123032339702,0.559898255942116,
Q2-014,2775.675705169258,-4.748048479166485,0.8156998502081194,0.5438801357428531,
Q2-014,2776.670466723921,-4.7630558049202705,0.8039810233195936,0.5278853272645279,
Q2-014,2777.6652282785844,-4.7780377656481505,0.7922559589487008,0.511913790122648,
Q2-014,2778.659989833248,-4.792994445126595,0.7805247925302581,0.49596548380863226,
Q2-014,2779.654751387911,-4.807925926723371,0.7687876585734443,0.4800403676929079,
Q2-014,2780.6495129425743,-4.822832293408254,0.7570446906476604,0.4641384010283218,
Q2-014,2781.6442744972373,-4.837713627748229,0.7452960214023392,0.4482595429531102,
Q2-014,2782.639036051901,-4.852570011916029,0.733541782554056,0.43240375249675367,
Q2-014,2783.6337976065643,-4.867401527687377,0.7217821049053583,0.4165709885803608,
Q2-014,2784.6285591612273,-4.882208256447512,0.7100171183329849,0.4007612100247968,
Q2-014,2785.6233207158907,-4.896990279190987,0.698246951803668,0.3849743755488362,
Q2-014,2786.618082270554,-4.9117476765247545,0.6864717333723149,0.3692104437755859,
Q2-014,2787.612843825217,-4.926480528672954,0.6746915901793216,0.35346937323623706,
Q2-014,2788.6076053798806,-4.941188915474825,0.6629066484672848,0.33775112237064775,
Q2-014,2789.602366934544,-4.955872916391073,0.6511170335698182,0.32205564953514454,
Q2-014,2790.597128489207,-4.970532610502602,0.6393228699293019,0.306382913000661,
Q2-014,2791.5918900438705,-4.985168076518491,0.6275242810847885,0.290732870958351,
Q2-014,2792.5866515985335,-4.999779392770648,0.6157213896921832,0.2751054815227434,
Q2-014,2793.581413153197,-5.014366637223333,0.6039143175112969,0.25950070273522385,
Q2-014,2794.5761747078604,-5.028929887469829,0.5921031854248184,0.24391849256458897,
Q2-014,2795.5709362625234,-5.0434692207387,0.5802881134274429,0.2283588089143791,
Q2-014,2796.565697817187,-5.057984713892864,0.5684692206433368,0.21282160962040564,
Q2-014,2797.5604593718504,-5.072476443435761,0.5566466253154232,0.1973068524579844,
Q2-014,2798.5552209265134,-5.086944485508411,0.5448204448239835,0.18181449514183612,
Q2-014,2799.549982481177,-5.1013889158972034,0.5329907956751327,0.16634449533123075,
Q2-014,2800.5447440358403,-5.115809810030868,0.521157793519393,0.15089681062983118,
Q2-014,2801.5395055905033,-5.130207242986629,0.5093215531412056,0.13547139859274182,
Q2-014,2802.5342671451667,-5.144581289489153,0.49748218847629744,0.12006821672372325,
Q2-014,2803.5290286998297,-5.158932023916677,0.4856398126013346,0.1046872224821982,
Q2-014,2804.523790254493,-5.173259520297989,0.47379453775245395,0.08932837328291043,
Q2-014,2805.5185518091566,-5.187563852320352,0.4619464753137237,0.07399162650024493,
Q2-014,2806.5133133638196,-5.201845093325346,0.45009573583507745,0.058676939470643674,
Q2-014,2807.508074918483,-5.216103316315213,0.43824242902900323,0.04338426949298935,
Q2-014,2808.5028364731465,-5.230338593955466,0.4263866637697191,0.02811357383370705,
Q2-014,2809.4975980278095,-5.244550998572535,0.41452854810987105,0.01286480972673587,
Q2-014,2810.492359582473,-5.258740602161623,0.40266818926914993,-0.0023620656225347147,
Q2-014,2811.4871211371365,-5.272907476381718,0.39080569365407314,-0.01756709503516163,
Q2-014,2812.4818826917995,-5.2870516925653135,0.37894116684546475,-0.032750321357184475,
Q2-014,2813.476644246463,-5.301173321713492,0.36707471361819444,-0.04791178745770708,
Q2-014,2814.471405801126,-5.315272434503626,0.35520643793003615,-0.0630515362250037,
Q2-014,2815.4661673557894,-5.329349101285956,0.3433364429402701,-0.07816961056659011,
Q2-014,2816.460928910453,-5.343403392091275,0.3314648309986552,-0.09326605340552874,
Q2-014,2817.455690465116,-5.357435376625972,0.3195917036650684,-0.10834090767843918,
Q2-014,2818.4504520197793,-5.371445124281593,0.3077171616972265,-0.12339421633444658,
Q2-014,2819.4452135744427,-5.38543270412984,0.2958413050703115,-0.13842602233322054,
Q2-014,2820.4399751291057,-5.3993981849301775,0.2839642329659995,-0.1534363686415503,
Q2-014,2821.434736683769,-5.413341635126784,0.27208604379077883,-0.16842529823387054,
Q2-014,2822.429498238432,-5.427263122854129,0.2602068351664002,-0.18339285408652017,
Q2-014,2823.4242597930956,-5.441162715935917,0.24832670394675915,-0.19833907918066984,
Q2-014,2824.419021347759,-5.4550404818905065,0.23644574620847436,-0.21326401649673699,
Q2-014,2825.413782902422,-5.468896487928035,0.22456405726904904,-0.2281677090149259,
Q2-014,2826.4085444570856,-5.482730800957285,0.2126817316763976,-0.2430501997115897,
Q2-014,2827.3975140171888,-5.48266117157047,0.21244215095836694,-0.24320652423455158,
Q2-014,2828.3864835772915,-5.482592500961687,0.2122011653693221,-0.2433641199997254,
Q2-014,2829.3754531373943,-5.482524789176438,0.21195877514381323,-0.24352298686848428,
Q2-014,2830.3644226974975,-5.482458036259558,0.21171498051779736,-0.24368312470114972,
Q2-014,2831.3533922576007,-5.482392242255315,0.2114697817284963,-0.24384453335690637,
Q2-014,2832.3423618177035,-5.482327407207265,0.2112231790145387,-0.24400721269387304,
Q2-014,2833.3313313778062,-5.482263531158409,0.2109751726158322,-0.24417116256900329,
Q2-014,2834.3203009379095,-5.482200614151068,0.21072576277364874,-0.24433638283819903,
Q2-014,2835.3092704980127,-5.4821386562269225,0.21047494973056757,-0.24450287335622534,
Q2-014,2836.2982400581154,-5.482077657427055,0.21022273373054645,-0.24467063397678146,
Q2-014,2837.287209618218,-5.482017617791868,0.2099691150188221,-0.24483966455241557,
Q2-014,2838.2761791783214,-5.48195853736118,0.20971409384199546,-0.24500996493461003,
Q2-014,2839.2651487384246,-5.481900416174113,0.20945767044798913,-0.24518153497373874,
Q2-014,2840.2541182985274,-5.481843254269236,0.20919984508603306,-0.24535437451905295,
Q2-014,2841.24308785863,-5.481787051684407,0.20894061800670727,-0.2455284834187239,
Q2-014,2842.2320574187333,-5.481731808456885,0.20867998946192756,-0.24570386151981438,
Q2-014,2843.2210269788366,-5.481677524623308,0.20841795970491717,-0.2458805086682787,
Q2-014,2844.2099965389393,-5.481624200219642,0.2081545289902209,-0.2460584247089912,
Q2-014,2845.198966099042,-5.48157183528123,0.20788969757373366,-0.24623760948573192,
Q2-014,2846.1879356591453,-5.481520429842803,0.20762346571265766,-0.2464180628411441,
Q2-014,2847.1769052192485,-5.481469983938439,0.207355833665531,-0.24659978461679088,
Q2-014,2848.1658747793513,-5.481420497601562,0.20708680169217075,-0.24678277465315546,
Q2-014,2849.154844339454,-5.481371970865013,0.2068163700537724,-0.2469670327895983,
Q2-014,2850.1438138995572,-5.4813244037609365,0.20654453901282466,-0.2471525588643999,
Q2-014,2851.1327834596605,-5.481277796320882,0.20627130883315203,-0.24733935271473229,
Q2-014,2852.121753019763,-5.481232148575742,0.20599667977985803,-0.24752741417667323,
Q2-014,2853.110722579866,-5.481187460555816,0.20572065211939616,-0.24771674308522051,
Q2-014,2854.099692139969,-5.481143732290704,0.2054432261195558,-0.24790733927424924,
Q2-014,2855.0886617000724,-5.481100963809411,0.20516440204940523,-0.2480992025765687,
Q2-014,2856.077631260175,-5.4810591551402865,0.2048841801793344,-0.24829233282386554,
Q2-014,2857.066600820278,-5.4810183063110856,0.2046025607810691,-0.24848672984674636,
Q2-014,2858.055570380381,-5.480978417348865,0.20431954412764242,-10.248682393474752,
Q2-014,2859.0445399404844,-5.480939488280072,0.20403513049336652,-10.248879323536258,
Q2-014,2860.033509500587,-5.480901519130555,0.20374932015391778,-10.24907751985863,
Q2-014,2861.02247906069,-5.480864509925482,0.20346211338625153,-10.249276982268086,
Q2-014,2862.011448620793,-5.4808284606893665,0.20317351046865895,-10.249477710589773,
Q2-014,2863.0004181808963,-5.480793371446168,0.20288351168068175,-10.249679704647747,
Q2-014,2863.989387740999,-5.480759242219122,0.20259211730325433,-10.249882964264984,
Q2-014,2864.978357301102,-5.48072607303088,0.2022993276185332,-10.250087489263336,
Q2-014,2865.967326861205,-5.480693863903426,0.20200514291006755,-10.250293279463605,
Q2-014,2866.9562964213083,-5.480662614858133,0.2017095634626429,-10.250500334685483,
Q2-014,2867.945265981411,-5.480632325915735,0.20141258956238062,-10.25070865474757,
Q2-014,2868.9342355415138,-5.480602997096298,0.20111422149669522,-10.250918239467396,
Q2-014,2869.923205101617,-5.480574628419305,0.20081445955432287,-10.251129088661386,
Q2-014,2870.923205101617,-5.480574628419305,0.20081445955432287,-10.251129088661386,
Q2-014,2871.923205101617,-5.480574628419305,0.20081445955432287,-10.251129088661386,
Q2-014,2872.923205101617,-5.480574628419305,0.20081445955432287,-10.251129088661386,
Q2-014,2873.923205101617,-5.480574628419305,0.20081445955432287,-10.251129088661386,
Q2-014,2874.923205101617,-5.480574628419305,0.20081445955432287,-10.251129088661386,
Q2-014,2875.923205101617,-5.480574628419305,0.20081445955432287,-10.251129088661386,
Q2-014,2876.923205101617,-5.480574628419305,0.20081445955432287,-10.251129088661386,
Q2-014,2877.923205101617,-5.480574628419305,0.20081445955432287,-10.251129088661386,
Q2-014,2878.923205101617,-5.480574628419305,0.20081445955432287,-10.251129088661386,
Q2-014,2879.923205101617,-5.480574628419305,0.20081445955432287,-10.251129088661386,
Q2-014,2880.923205101617,-5.480574628419305,0.20081445955432287,-10.251129088661386,
Q2-014,2881.923205101617,-5.480574628419305,0.20081445955432287,-10.251129088661386,
Q2-014,2882.923205101617,-5.480574628419305,0.20081445955432287,-10.251129088661386,
Q2-014,2883.923205101617,-5.480574628419305,0.20081445955432287,-10.251129088661386,
Q2-014,2884.923205101617,-5.480574628419305,0.20081445955432287,-10.251129088661386,
Q2-014,2885.923205101617,-5.480574628419305,0.20081445955432287,-10.251129088661386,
Q2-014,2886.923205101617,-5.480574628419305,0.20081445955432287,-10.251129088661386,
Q2-014,2887.923205101617,-5.480574628419305,0.20081445955432287,-10.251129088661386,
Q2-014,2888.923205101617,-5.480574628419305,0.20081445955432287,-10.251129088661386,
Q2-014,2889.923205101617,-5.480574628419305,0.20081445955432287,-10.251129088661386,
Q2-014,2890.923205101617,-5.480574628419305,0.20081445955432287,-10.251129088661386,
Q2-014,2891.923205101617,-5.480574628419305,0.20081445955432287,-10.251129088661386,
Q2-014,2892.923205101617,-5.480574628419305,0.20081445955432287,-10.251129088661386,
Q2-014,2893.923205101617,-5.480574628419305,0.20081445955432287,-10.251129088661386,
Q2-014,2894.923205101617,-5.480574628419305,0.20081445955432287,-10.251129088661386,
Q2-014,2895.923205101617,-5.480574628419305,0.20081445955432287,-10.251129088661386,
Q2-014,2896.923205101617,-5.480574628419305,0.20081445955432287,-10.251129088661386,
Q2-014,2897.923205101617,-5.480574628419305,0.20081445955432287,-10.251129088661386,
Q2-014,2898.923205101617,-5.480574628419305,0.20081445955432287,-10.251129088661386,
Q2-014,2899.923205101617,-5.480574628419305,0.20081445955432287,-10.251129088661386,
Q2-014,2900.923205101617,-5.480574628419305,0.20081445955432287,-10.251129088661386,
Q2-014,2901.923205101617,-5.480574628419305,0.20081445955432287,-10.251129088661386,
Q2-014,2902.923205101617,-5.480574628419305,0.20081445955432287,-10.251129088661386,
Q2-014,2903.923205101617,-5.480574628419305,0.20081445955432287,-10.251129088661386,
Q2-014,2904.923205101617,-5.480574628419305,0.20081445955432287,-10.251129088661386,
Q2-014,2905.923205101617,-5.480574628419305,0.20081445955432287,-10.251129088661386,
Q2-014,2906.923205101617,-5.480574628419305,0.20081445955432287,-10.251129088661386,
Q2-014,2907.923205101617,-5.480574628419305,0.20081445955432287,-10.251129088661386,
Q2-014,2908.923205101617,-5.480574628419305,0.20081445955432287,-10.251129088661386,
Q2-014,2909.923205101617,-5.480574628419305,0.20081445955432287,-10.251129088661386,
Q2-014,2910.923205101617,-5.480574628419305,0.20081445955432287,-10.251129088661386,
Q2-014,2911.923205101617,-5.480574628419305,0.20081445955432287,-10.251129088661386,
Q2-014,2912.923205101617,-5.480574628419305,0.20081445955432287,-10.251129088661386,
Q2-014,2913.923205101617,-5.480574628419305,0.20081445955432287,-10.251129088661386,
Q2-014,2914.923205101617,-5.480574628419305,0.20081445955432287,-10.251129088661386,
Q2-014,2915.923205101617,-5.480574628419305,0.20081445955432287,-10.251129088661386,
Q2-014,2916.923205101617,-5.480574628419305,0.20081445955432287,-10.251129088661386,
Q2-014,2917.923205101617,-5.480574628419305,0.20081445955432287,-10.251129088661386,
Q2-014,2918.923205101617,-5.480574628419305,0.20081445955432287,-10.251129088661386,
Q2-014,2919.923205101617,-5.480574628419305,0.20081445955432287,-10.251129088661386,
Q2-014,2920.923205101617,-5.480574628419305,0.20081445955432287,-10.251129088661386,
Q2-014,2921.923205101617,-5.480574628419305,0.20081445955432287,-10.251129088661386,
Q2-014,2922.923205101617,-5.480574628419305,0.20081445955432287,-10.251129088661386,
Q2-014,2923.923205101617,-5.480574628419305,0.20081445955432287,-10.251129088661386,
Q2-014,2924.923205101617,-5.480574628419305,0.20081445955432287,-10.251129088661386,
Q2-014,2925.923205101617,-5.480574628419305,0.20081445955432287,-10.251129088661386,
Q2-014,2926.923205101617,-5.480574628419305,0.20081445955432287,-10.251129088661386,
Q2-014,2927.923205101617,-5.480574628419305,0.20081445955432287,-10.251129088661386,
Q2-014,2928.923205101617,-5.480574628419305,0.20081445955432287,-10.251129088661386,
Q2-014,2929.923205101617,-5.480574628419305,0.20081445955432287,-10.251129088661386,
Q2-014,2930.923205101617,-5.480574628419305,0.20081445955432287,-10.251129088661386,
Q2-014,2931.923205101617,-5.480574628419305,0.20081445955432287,-10.251129088661386,
Q2-014,2932.923205101617,-5.480574628419305,0.20081445955432287,-10.251129088661386,
Q2-014,2933.923205101617,-5.480574628419305,0.20081445955432287,-10.251129088661386,
Q2-014,2934.923205101617,-5.480574628419305,0.20081445955432287,-10.251129088661386,
Q2-014,2935.923205101617,-5.480574628419305,0.20081445955432287,-10.251129088661386,
Q2-014,2936.923205101617,-5.480574628419305,0.20081445955432287,-10.251129088661386,
Q2-014,2937.923205101617,-5.480574628419305,0.20081445955432287,-10.251129088661386,
Q2-014,2938.923205101617,-5.480574628419305,0.20081445955432287,-10.251129088661386,
Q2-014,2939.923205101617,-5.480574628419305,0.20081445955432287,-10.251129088661386,
Q2-014,2940.923205101617,-5.480574628419305,0.20081445955432287,-10.251129088661386,
Q2-014,2941.923205101617,-5.480574628419305,0.20081445955432287,-10.251129088661386,
Q2-014,2942.923205101617,-5.480574628419305,0.20081445955432287,-10.251129088661386,
Q2-014,2943.923205101617,-5.480574628419305,0.20081445955432287,-10.251129088661386,
Q2-014,2944.923205101617,-5.480574628419305,0.20081445955432287,-10.251129088661386,
Q2-014,2945.923205101617,-5.480574628419305,0.20081445955432287,-10.251129088661386,
Q2-014,2946.923205101617,-5.480574628419305,0.20081445955432287,-10.251129088661386,
Q2-014,2947.923205101617,-5.480574628419305,0.20081445955432287,-10.251129088661386,
Q2-014,2948.923205101617,-5.480574628419305,0.20081445955432287,-10.251129088661386,
Q2-014,2949.923205101617,-5.480574628419305,0.20081445955432287,-10.251129088661386,
Q2-014,2950.923205101617,-5.480574628419305,0.20081445955432287,-10.251129088661386,
Q2-014,2951.923205101617,-5.480574628419305,0.20081445955432287,-10.251129088661386,
Q2-014,2952.923205101617,-5.480574628419305,0.20081445955432287,-10.251129088661386,
Q2-014,2953.923205101617,-5.480574628419305,0.20081445955432287,-10.251129088661386,
Q2-014,2954.923205101617,-5.480574628419305,0.20081445955432287,-10.251129088661386,
Q2-014,2955.923205101617,-5.480574628419305,0.20081445955432287,-10.251129088661386,
Q2-014,2956.923205101617,-5.480574628419305,0.20081445955432287,-10.251129088661386,
Q2-014,2957.923205101617,-5.480574628419305,0.20081445955432287,-10.251129088661386,
Q2-014,2958.923205101617,-5.480574628419305,0.20081445955432287,-10.251129088661386,
Q2-014,2959.923205101617,-5.480574628419305,0.20081445955432287,-10.251129088661386,
Q2-014,2960.923205101617,-5.480574628419305,0.20081445955432287,-10.251129088661386,
Q2-014,2961.923205101617,-5.480574628419305,0.20081445955432287,-10.251129088661386,
Q2-014,2962.923205101617,-5.480574628419305,0.20081445955432287,-10.251129088661386,
Q2-014,2963.923205101617,-5.480574628419305,0.20081445955432287,-10.251129088661386,
Q2-014,2964.923205101617,-5.480574628419305,0.20081445955432287,-10.251129088661386,
Q2-014,2965.923205101617,-5.480574628419305,0.20081445955432287,-10.251129088661386,
Q2-014,2966.923205101617,-5.480574628419305,0.20081445955432287,-10.251129088661386,
Q2-014,2967.923205101617,-5.480574628419305,0.20081445955432287,-10.251129088661386,
Q2-014,2968.923205101617,-5.480574628419305,0.20081445955432287,-10.251129088661386,
Q2-014,2969.923205101617,-5.480574628419305,0.20081445955432287,-10.251129088661386,
Q2-014,2970.923205101617,-5.480574628419305,0.20081445955432287,-10.251129088661386,
Q2-014,2971.923205101617,-5.480574628419305,0.20081445955432287,-10.251129088661386,
Q2-014,2972.923205101617,-5.480574628419305,0.20081445955432287,-10.251129088661386,
Q2-014,2973.923205101617,-5.480574628419305,0.20081445955432287,-10.251129088661386,
Q2-014,2974.923205101617,-5.480574628419305,0.20081445955432287,-10.251129088661386,
Q2-014,2975.923205101617,-5.480574628419305,0.20081445955432287,-10.251129088661386,
Q2-014,2976.923205101617,-5.480574628419305,0.20081445955432287,-10.251129088661386,
Q2-014,2977.923205101617,-5.480574628419305,0.20081445955432287,-10.251129088661386,
Q2-014,2978.923205101617,-5.480574628419305,0.20081445955432287,-10.251129088661386,
Q2-014,2979.923205101617,-5.480574628419305,0.20081445955432287,-10.251129088661386,
Q2-014,2980.923205101617,-5.480574628419305,0.20081445955432287,-10.251129088661386,
Q2-014,2981.923205101617,-5.480574628419305,0.20081445955432287,-10.251129088661386,
Q2-014,2982.923205101617,-5.480574628419305,0.20081445955432287,-10.251129088661386,
Q2-014,2983.923205101617,-5.480574628419305,0.20081445955432287,-10.251129088661386,
Q2-014,2984.923205101617,-5.480574628419305,0.20081445955432287,-10.251129088661386,
Q2-014,2985.923205101617,-5.480574628419305,0.20081445955432287,-10.251129088661386,
Q2-014,2986.923205101617,-5.480574628419305,0.20081445955432287,-10.251129088661386,
Q2-014,2987.923205101617,-5.480574628419305,0.20081445955432287,-10.251129088661386,
Q2-014,2988.923205101617,-5.480574628419305,0.20081445955432287,-10.251129088661386,
Q2-014,2989.923205101617,-5.480574628419305,0.20081445955432287,-10.251129088661386,
Q2-014,2990.923205101617,-5.480574628419305,0.20081445955432287,-10.251129088661386,
Q2-014,2991.923205101617,-5.480574628419305,0.20081445955432287,-10.251129088661386,
Q2-014,2992.923205101617,-5.480574628419305,0.20081445955432287,-10.251129088661386,
Q2-014,2993.923205101617,-5.480574628419305,0.20081445955432287,-10.251129088661386,
Q2-014,2994.923205101617,-5.480574628419305,0.20081445955432287,-10.251129088661386,
Q2-014,2995.923205101617,-5.480574628419305,0.20081445955432287,-10.251129088661386,
Q2-014,2996.923205101617,-5.480574628419305,0.20081445955432287,-10.251129088661386,
Q2-014,2997.923205101617,-5.480574628419305,0.20081445955432287,-10.251129088661386,
Q2-014,2998.923205101617,-5.480574628419305,0.20081445955432287,-10.251129088661386,
Q2-014,2999.923205101617,-5.480574628419305,0.20081445955432287,-10.251129088661386,
Q2-014,3000.923205101617,-5.480574628419305,0.20081445955432287,-10.251129088661386,
Q2-014,3001.923205101617,-5.480574628419305,0.20081445955432287,-10.251129088661386,
Q2-014,3002.923205101617,-5.480574628419305,0.20081445955432287,-10.251129088661386,
Q2-014,3003.923205101617,-5.480574628419305,0.20081445955432287,-10.251129088661386,
Q2-014,3004.923205101617,-5.480574628419305,0.20081445955432287,-10.251129088661386,
Q2-014,3005.923205101617,-5.480574628419305,0.20081445955432287,-10.251129088661386,
Q2-014,3006.923205101617,-5.480574628419305,0.20081445955432287,-10.251129088661386,
Q2-014,3007.923205101617,-5.480574628419305,0.20081445955432287,-10.251129088661386,
Q2-014,3008.923205101617,-5.480574628419305,0.20081445955432287,-10.251129088661386,
Q2-014,3009.923205101617,-5.480574628419305,0.20081445955432287,-10.251129088661386,
Q2-014,3010.923205101617,-5.480574628419305,0.20081445955432287,-10.251129088661386,
Q2-014,3011.923205101617,-5.480574628419305,0.20081445955432287,-10.251129088661386,
Q2-014,3012.923205101617,-5.480574628419305,0.20081445955432287,-10.251129088661386,
Q2-014,3013.923205101617,-5.480574628419305,0.20081445955432287,-10.251129088661386,
Q2-014,3014.923205101617,-5.480574628419305,0.20081445955432287,-10.251129088661386,
Q2-014,3015.923205101617,-5.480574628419305,0.20081445955432287,-10.251129088661386,
Q2-014,3016.923205101617,-5.480574628419305,0.20081445955432287,-10.251129088661386,
Q2-014,3017.923205101617,-5.480574628419305,0.20081445955432287,-10.251129088661386,
Q2-014,3018.923205101617,-5.480574628419305,0.20081445955432287,-10.251129088661386,
Q2-014,3019.923205101617,-5.480574628419305,0.20081445955432287,-10.251129088661386,
Q2-014,3020.923205101617,-5.480574628419305,0.20081445955432287,-10.251129088661386,
Q2-014,3021.923205101617,-5.480574628419305,0.20081445955432287,-10.251129088661386,
Q2-014,3022.923205101617,-5.480574628419305,0.20081445955432287,-10.251129088661386,
Q2-014,3023.923205101617,-5.480574628419305,0.20081445955432287,-10.251129088661386,
Q2-014,3024.923205101617,-5.480574628419305,0.20081445955432287,-10.251129088661386,
Q2-014,3025.923205101617,-5.480574628419305,0.20081445955432287,-10.251129088661386,
Q2-014,3026.923205101617,-5.480574628419305,0.20081445955432287,-10.251129088661386,
Q2-014,3027.923205101617,-5.480574628419305,0.20081445955432287,-10.251129088661386,
Q2-014,3028.923205101617,-5.480574628419305,0.20081445955432287,-10.251129088661386,
Q2-014,3029.923205101617,-5.480574628419305,0.20081445955432287,-10.251129088661386,
Q2-014,3030.923205101617,-5.480574628419305,0.20081445955432287,-10.251129088661386,
Q2-014,3031.923205101617,-5.480574628419305,0.20081445955432287,-10.251129088661386,
Q2-014,3032.923205101617,-5.480574628419305,0.20081445955432287,-10.251129088661386,
Q2-014,3033.923205101617,-5.480574628419305,0.20081445955432287,-10.251129088661386,
Q2-014,3034.923205101617,-5.480574628419305,0.20081445955432287,-10.251129088661386,
Q2-014,3035.923205101617,-5.480574628419305,0.20081445955432287,-10.251129088661386,
Q2-014,3036.923205101617,-5.480574628419305,0.20081445955432287,-10.251129088661386,
Q2-014,3037.923205101617,-5.480574628419305,0.20081445955432287,-10.251129088661386,
Q2-014,3038.923205101617,-5.480574628419305,0.20081445955432287,-10.251129088661386,
Q2-014,3039.923205101617,-5.480574628419305,0.20081445955432287,-10.251129088661386,
Q2-014,3040.923205101617,-5.480574628419305,0.20081445955432287,-10.251129088661386,
Q2-014,3041.923205101617,-5.480574628419305,0.20081445955432287,-10.251129088661386,
Q2-014,3042.923205101617,-5.480574628419305,0.20081445955432287,-10.251129088661386,
Q2-014,3043.923205101617,-5.480574628419305,0.20081445955432287,-10.251129088661386,
Q2-014,3044.923205101617,-5.480574628419305,0.20081445955432287,-10.251129088661386,
Q2-014,3045.923205101617,-5.480574628419305,0.20081445955432287,-10.251129088661386,
Q2-014,3046.923205101617,-5.480574628419305,0.20081445955432287,-10.251129088661386,
Q2-014,3047.923205101617,-5.480574628419305,0.20081445955432287,-10.251129088661386,
Q2-014,3048.923205101617,-5.480574628419305,0.20081445955432287,-10.251129088661386,
Q2-014,3049.923205101617,-5.480574628419305,0.20081445955432287,-10.251129088661386,
Q2-014,3050.9171412588435,-5.480608961077905,0.2011758072065959,-10.250874956057018,
Q2-014,3051.91107741607,-5.480644690257563,0.2015351273790884,-10.250622662684975,
Q2-014,3052.905013573297,-5.480681815923788,0.20189241956606452,-10.250372208866665,
Q2-014,3053.8989497305233,-5.4807203380407685,0.2022476832644884,-10.250123594921206,
Q2-014,3054.89288588775,-5.480760256571358,0.20260091797413793,-10.249876821165415,
Q2-014,3055.8868220449763,-5.480801571477016,0.20295212319751954,-10.249631887913807,
Q2-014,3056.8807582022027,-5.480844282717911,0.20330129843991074,-10.24938879547858,
Q2-014,3057.8746943594297,-5.480888390252829,0.20364844320936015,-10.249147544169645,
Q2-014,3058.868630516656,-5.480933894039239,0.20399355701670174,-10.248908134294595,
Q2-014,3059.8625666738826,-5.480980794033243,0.20433663937552637,-10.248670566158722,
Q2-014,3060.856502831109,-5.481029090189594,0.2046776898021676,-0.24843484006498784,
Q2-014,3061.8504389883356,-5.481078782461708,0.20501670781578696,-0.24820095631406502,
Q2-014,3062.8443751455625,-5.481129870801681,0.20535369293830286,-0.24796891520431075,
Q2-014,3063.838311302789,-5.4811823551602,0.20568864469440484,-0.24773871703176553,
Q2-014,3064.8322474600154,-5.481236235486676,0.2060215626115678,-0.24751036209013932,
Q2-014,3065.826183617242,-5.48129151172914,0.2063524462200661,-0.24728385067086833,
Q2-014,3066.8201197744684,-5.481348183834271,0.2066812950529453,-0.24705918306302976,
Q2-014,3067.8140559316953,-5.481406251747416,0.20700810864606467,-0.24683635955338445,
Q2-014,3068.8079920889218,-5.481465715412597,0.20733288653802617,-0.2466153804264053,
Q2-014,3069.8019282461482,-5.481526574772445,0.20765562827027395,-0.24639624596422038,
Q2-014,3070.7958644033747,-5.481588829768299,0.20797633338702326,-0.24617895644664145,
Q2-014,3071.789800560601,-5.4816524803401165,0.2082950014352889,-0.24596351215114964,
Q2-014,3072.783736717828,-5.481717526426522,0.2086116319649136,-0.24574991335290974,
Q2-014,3073.7776728750546,-5.481783967964802,0.20892622452848286,-0.24553816032475595,
Q2-014,3074.771609032281,-5.481851804890894,0.2092387786814527,-0.2453282533372203,
Q2-014,3075.7655451895075,-5.481921037139415,0.20954929398203603,-0.24512019265846163,
Q2-014,3076.759481346734,-5.481991664643587,0.2098577699912738,-0.24491397855435082,
Q2-014,3077.753417503961,-5.482063687335341,0.21016420627302068,-0.24470961128838553,
Q2-014,3078.7473536611874,-5.4821371051452275,0.21046860239394505,-0.2445070911218039,
Q2-014,3079.741289818414,-5.4822119180025055,0.21077095792350065,-0.24430641831341404,
Q2-014,3080.7406552106636,-5.468198177960488,0.22414413501920194,-0.2302577298278976,
Q2-014,3081.7400206029133,-5.454161800918655,0.2375250703854448,-0.21619367913217502,
Q2-014,3082.7393859951635,-5.440102713662299,0.2509137084441022,-0.20211426447336578,
Q2-014,3083.7387513874132,-5.42602084262154,0.2643099929169921,-0.18801948440128058,
Q2-014,3084.738116779663,-5.4119161138705465,0.2777138668230492,-0.173909337777431,
Q2-014,3085.7374821719127,-5.397788453118594,0.2911252724806559,-0.15978382377417688,
Q2-014,3086.736847564163,-5.3836377857170135,0.30454415148727776,-0.14564294188403437,
Q2-014,3087.7362129564126,-5.369464036649674,0.3179704447235423,-0.1314866919191502,
Q2-014,3088.7355783486623,-5.355267130535296,0.33140409234118806,-0.11731507401924546,
Q2-014,3089.734943740912,-5.341046991619379,0.344845033766191,-0.10312808865320733,
Q2-014,3090.7343091331622,-5.326803543778823,0.35829320767959416,-0.08892573662559755,
Q2-014,3091.733674525412,-5.312536710514394,0.37174855201865853,-0.07470801907800251,
Q2-014,3092.7330399176617,-5.298246414949375,0.38521100397409214,-0.06047493749807131,
Q2-014,3093.7324053099114,-5.28393257982836,0.39868049997447486,-0.046226493719004225,
Q2-014,3094.731770702161,-5.26959512751435,0.4121569756842689,-0.03196268992678597,
Q2-014,3095.7311360944113,-5.255233979983402,0.42564036600356303,-0.01768352866463374,
Q2-014,3096.730501486661,-5.240849058827635,0.4391306050494421,-0.003389012837871519,
Q2-014,3097.729866878911,-5.226440285248003,0.452627626156783,0.01092085428398093,
Q2-014,3098.7292322711605,-5.21200758005277,0.4661313618753553,0.025246069057772047,
Q2-014,3099.7285976634107,-5.197550863655806,0.47964174395397663,0.0395866274675285,
Q2-014,3100.7279630556604,-5.183070056074428,0.49315870333947487,0.05394252511463549,
Q2-014,3101.72732844791,-5.168565076925319,0.5066821701679203,0.06831375721692723,
Q2-014,3102.72669384016,-5.154035845420765,0.5202120737645259,0.0827003186007147,
Q2-014,3103.72605923241,-5.1394822803691795,0.5337483426261258,0.09710220369848344,
Q2-014,3104.72542462466,-5.12490430017202,0.547290904419043,0.11151940654107761,
Q2-014,3105.7247900169095,-5.110301822816126,0.5608396859796585,0.12595192075515627,
Q2-014,3106.7241554091593,-5.095674765878329,0.5743946132943449,0.14039973955593155,
Q2-014,3107.723520801409,-5.081023046517316,0.5879556115000923,0.15486285574496605,
Q2-014,3108.722886193659,-5.066346581472118,0.6015226048815094,0.1693412617001968,
Q2-014,3109.722251585909,-5.0516452870599835,0.6150955168542254,0.18383494937630473,
Q2-014,3110.7216169781586,-5.036919079175306,0.6286742699615786,0.1983439102940565,
Q2-014,3111.7209823704084,-5.022167873279642,0.6422587858761659,0.21286813553986406,
Q2-014,3112.7203477626585,-5.007391584408737,0.6558489853779008,0.2274076157553111,
Q2-014,3113.7197131549083,-4.992590127161861,0.6694447883575094,0.24196234113628634,
Q2-014,3114.719078547158,-4.977763415704004,0.6830461138034138,0.25653230142356165,
Q2-014,3115.7184439394077,-4.962911363756788,0.6966528798041054,0.27111748589987883,
Q2-014,3116.717809331658,-4.948033884602495,0.7102650035278089,0.28571788338264525,
Q2-014,3117.7171747239076,-4.933130891077752,0.7238824012216298,0.3003334822187753,
Q2-014,3118.7165401161574,-4.918202295567156,0.7375049882109437,0.3149642702792761,
Q2-014,3119.715905508407,-4.903248010007587,0.7511326788784061,0.3296102349514598,
Q2-014,3120.7152709006573,-4.888267945878567,0.7647653866651609,0.34427136313745166,
Q2-014,3121.714636292907,-4.873262014200719,0.7784030240671598,0.35894764124263645,
Q2-014,3122.7140016851567,-4.858230125535897,0.7920455026164888,0.37363905517267426,
Q2-014,3123.7133670774065,-4.843172189980891,0.8056927328819796,0.3883455903264945,
Q2-014,3124.712732469656,-4.82808811716427,0.8193446244585374,0.4030672315922885,
Q2-014,3125.7120978619064,-4.812977816243318,0.8330010859659183,0.4178039633363113,
Q2-014,3126.711463254156,-4.797841195901611,0.8466620250311365,0.43255576940272533,
Q2-014,3127.710828646406,-4.782678164346862,0.8603273482849971,0.44732263310211806,
Q2-014,3128.7101940386556,-4.767488629302733,0.8739969613621099,0.4621045372074519,
Q2-014,3129.7095594309058,-4.752272498011152,0.8876707688803549,0.47690146394774047,
Q2-014,3130.7089248231555,-4.737029677226175,0.9013486744397028,0.4917133950013408,
Q2-014,3131.708290215405,-4.721760073209978,0.9150305806195576,0.506540311486205,
Q2-014,3132.707655607655,-4.706463591730781,0.9287163889606802,0.5213821939588428,
Q2-014,3133.707020999905,-4.691140138060575,0.9424059999615508,0.5362390224024267,
Q2-014,3134.706386392155,-4.675789616966142,0.9560993130785533,0.5511107762228278,
Q2-014,3135.7057517844046,-4.660411932713117,0.9697962267041902,0.5659974342398613,
Q2-014,3136.7051171766543,-4.64500698905664,0.9834966381689441,0.5808989746823414,
Q2-014,3137.704482568904,-4.62957468924084,0.9972004437284312,0.5958153751797397,
Q2-014,3138.703847961154,-4.614114935991523,1.0109075385641404,0.6107466127544967,
Q2-014,3139.703213353404,-4.598627631518482,1.0246178167623867,0.6256926638150162,
Q2-014,3140.7025787456537,-4.5831126775066195,1.03833117131407,0.6406535041509187,
Q2-014,3141.7019441379034,-4.567569975113543,1.052047494111065,0.6556291089202659,
Q2-014,3142.7013095301536,-4.551999424966667,1.0657666759277191,0.6706194526486371,
Q2-014,3143.7006749224033,-4.536400927160642,1.0794886064172289,0.6856245092163107,
Q2-014,3144.700040314653,-4.520774381247961,1.093213174111611,0.7006442518535607,
Q2-014,3145.699405706903,-4.505119686243276,1.1069402663991923,0.7156786531307517,
Q2-014,3146.698771099153,-4.489436740612149,1.1206697695254917,0.730727684955653,
Q2-014,3147.6981364914027,-4.473725442270961,1.1344015685881743,0.7457913185570106,
Q2-014,3148.6975018836524,-4.45798568858217,1.1481355475192174,0.7608695244854289,
Q2-014,3149.696867275902,-4.4422173763511665,1.1618715890830202,0.7759622725990027,
Q2-014,3150.6962326681523,-4.426420401820366,1.1756095748659448,0.7910695320602912,
Q2-014,3151.695598060402,-4.410594660665524,1.1893493852746957,0.8061912713222625,
Q2-014,3152.694963452652,-4.394740047992627,1.2030908995173917,0.821327458126845,
Q2-014,3153.6943288449015,-4.378856458334994,1.2168339955998135,0.8364780594911281,
Q2-014,3154.6936942371512,-4.362943785643779,1.2305785503251627,0.8516430417013652,
Q2-014,3155.6930596294014,-4.347001923289923,1.2443244392722335,0.8668223703049591,
Q2-014,3156.692425021651,-4.33103076405682,1.25807153679402,0.8820160101017649,
Q2-014,3157.691790413901,-4.315030200135482,1.2718197160148748,0.8972239251318541,
Q2-014,3158.6911558061506,-4.299000123121601,1.285568848811124,0.9124460786733124,
Q2-014,3159.690521198401,-4.282940424011969,1.2993188058076157,0.9276824332282985,
Q2-014,3160.6898865906505,-4.266850993196513,1.3130694563764962,0.942932950514404,
Q2-014,3161.6892519829003,-4.250731720456969,1.3268206686168185,0.9581975914600207,
Q2-014,3162.68861737515,-4.234582494962893,1.340572309353007,0.9734763161891777,
Q2-014,3163.6879827674,-4.218403205263272,1.354324244124939,0.9887690840196939,
Q2-014,3164.68734815965,-4.2021937392851925,1.3680763371851867,1.0040758534446184,
Q2-014,3165.6867135518996,-4.185953984328279,1.3818284514804589,1.0193965821321598,
Q2-014,3166.6860789441494,-4.169683827061846,1.395580448647678,1.0347312269099689,
Q2-014,3167.685444336399,-4.153383153514284,1.4093321890140942,1.050079743758559,
Q2-014,3168.6848097286493,-4.137051849076357,1.4230835315741501,1.0654420878002497,
Q2-014,3169.684175120899,-4.120689798490588,1.4368343339893954,1.080818213292389,
Q2-014,3170.6835405131487,-4.104296885847731,1.4505844525851046,1.0962080736116917,
Q2-014,3171.6829059053985,-4.087872994583151,1.464333742330382,1.1116116212512424,
Q2-014,3172.6822712976486,-4.071418007470726,1.478082056837664,1.1270288078062833,
Q2-014,3173.6816366898984,-4.054931806618441,1.4918292483506264,1.1424595839663283,
Q2-014,3174.681002082148,-4.038414273462024,1.5055751677438138,1.1579038995006954,
Q2-014,3175.680367474398,-4.021865288761376,1.519319664502646,1.1733617032552672,
Q2-014,3176.679732866648,-4.005284732596635,1.533062586720078,1.188832943136191,
Q2-014,3177.6790982588977,-3.9886724843571244,1.546803781096827,1.2043175661022474,
Q2-014,3178.6784636511475,-3.972028422744316,1.5605430929180102,1.219815518153112,
Q2-014,3179.677829043397,-3.955352425760566,1.5742803660534008,1.2353267443215117,
Q2-014,3180.677194435647,-3.9386443707055747,1.5880154429540454,1.2508511886559859,
Q2-014,3181.676559827897,-3.921904134170177,1.6017481646332072,1.2663887942198784,
Q2-014,3182.675925220147,-3.9051315920348486,1.6154783706619753,1.281939503071115,
Q2-014,3183.6752906123966,-3.888326619456535,1.629205899170472,1.2975032562561069,
Q2-014,3184.6746560046463,-3.8714890908717337,1.642930586824349,1.3130799937970323,
Q2-014,3185.6740213968965,-3.85461887998423,1.6566522688274716,1.328669654682784,
Q2-014,3186.673386789146,-3.837715859764529,1.670370778907568,1.3442721768544317,
Q2-014,3187.672752181396,-3.8207799024374367,1.6840859493191402,1.3598874971958566,
Q2-014,3188.6721175736457,-3.803810879484601,1.6977976108200892,1.3755155515213175,
Q2-014,3189.671482965896,-3.7868086616331453,1.7115055926720686,1.3911562745659722,
Q2-014,3190.6708483581456,-3.7697731188492014,1.7252097226387093,1.4068095999701882,
Q2-014,3191.6702137503953,-3.7527041203357783,1.7389098269643313,1.4224754602723664,
Q2-014,3192.669579142645,-3.735601534526282,1.7526057303722382,1.4381537868929826,
Q2-014,3193.6689445348948,-3.7184652290728053,1.766297256065286,1.4538445101247675,
Q2-014,3194.668309927145,-3.7012950708484453,1.7799842257027052,1.4695475591196043,
Q2-014,3195.6676753193947,-3.6840909259350383,1.7936664594009102,1.4852628618790504,
Q2-014,3196.6670407116444,-3.666852659617774,1.8073437757314537,1.500990345236218,
Q2-014,3197.666406103894,-3.6495801363827525,1.8210159916999515,1.5167299348481151,
Q2-014,3198.6657714961443,-3.632273219904576,1.834682922748982,1.5324815551840487,
Q2-014,3199.665136888394,-3.6149317730452992,1.8483443827443722,1.5482451295096666,
Q2-014,3200.664502280644,-3.5975556578437704,1.8620001839775853,1.5640205798729454,
Q2-014,3201.6638676728935,-3.5801447355133575,1.8756501371444756,1.5798078270954932,
Q2-014,3202.6632330651437,-3.5626988664316173,1.8892940513456153,1.5956067907594758,
Q2-014,3203.6625984573934,-3.5452179101343546,1.9029317340847598,1.611417389188773,
Q2-014,3204.661963849643,-3.527701725309967,1.916562991249151,1.6272395394439343,
Q2-014,3205.661329241893,-3.5101501697940023,1.930187627107884,1.643073157302652,
Q2-014,3206.6606946341426,-3.492563100556467,1.9438054443133979,1.6589181572482943,
Q2-014,3207.660060026393,-3.474940373701614,1.9574162438795355,1.6747744524580241,
Q2-014,3208.6594254186425,-3.457281844457583,1.9710198251821964,1.6906419547884184,
Q2-014,3209.6587908108922,-3.4395873671686417,1.9846159859588397,1.7065205747575192,
Q2-014,3210.658156203142,-3.421856795289628,1.9982045222890008,1.7224102215388655,
Q2-014,3211.657521595392,-3.4040899813792294,2.0117852285954854,1.7383108029404042,
Q2-014,3212.656886987642,-3.3862867770904614,2.0253578976347626,1.7542222253964184,
Q2-014,3213.6562523798916,-3.3684470331637897,2.0389223204985,1.770144393946012,
Q2-014,3214.6556177721413,-3.350570599420749,2.0524782865943934,1.786077212227525,
Q2-014,3215.6549831643915,-3.3326573247582445,2.06602558364537,1.80202058245699,
Q2-014,3216.6543485566413,-3.3147070571326367,2.0795639976930147,1.817974405418525,
Q2-014,3217.653713948891,-3.296719643563776,2.0930933130743767,1.8339385804457322,
Q2-014,3218.6530793411407,-3.27869493011886,2.106613312425523,1.849913005411949,
Q2-014,3219.6524447333904,-3.260632761906507,2.120123776681382,1.8658975767081216,
Q2-014,3220.6518101256406,-3.2425329830697933,2.1336244850568704,1.8818921892367229,
Q2-014,3221.6511755178904,-3.224395436779716,2.147115215047137,1.8978967363900097,
Q2-014,3222.65054091014,-3.206219965220569,2.160595742430914,1.9139111100374464,
Q2-014,3223.64990630239,-3.188006409590713,2.174065841249032,1.929935200510002,
Q2-014,3224.64927169464,-3.1697546100874945,2.187525283810217,1.9459688965861375,
Q2-014,3225.6486370868897,-3.1514644059024306,2.200973840680362,1.9620120854754504,
Q2-014,3226.6480024791394,-3.133135635208504,2.214411280687827,1.9780646528013222,
Q2-014,3227.647367871389,-3.1147681351585277,2.2278373709030603,1.994126482587376,
Q2-014,3228.6467332636394,-3.0963617418705667,2.241251876642494,2.0101974572436063,
Q2-014,3229.646098655889,-3.077916290420575,2.254654561470147,2.0262774575435145,
Q2-014,3230.645464048139,-3.0594316148346934,2.268045187179652,2.042366362617429,
Q2-014,3231.6448294403885,-3.040907548081762,2.281423513796014,2.05846404992937,
Q2-014,3232.6441948326383,-3.0223439220582122,2.294789299580316,2.074570395262782,
Q2-014,3233.6435602248885,-3.0037405675861066,2.3081423010100366,2.0906852727064233,
Q2-014,3234.642925617138,-2.985097314400292,2.3214822727831006,2.1068085546368707,
Q2-014,3235.642291009388,-2.9664139911385803,2.3348089678211323,2.1229401116973463,
Q2-014,3236.6416564016376,-2.9476904253339598,2.348122137252062,2.139079812789902,
Q2-014,3237.641021793888,-2.9289264434055866,2.3614215304156545,2.15522752505089,
Q2-014,3238.6403871861376,-2.9101218706469467,2.3747068948565584,2.171383113840477,
Q2-014,3239.6397525783873,-2.8912765312161497,2.3879779763304896,2.1875464427184,
Q2-014,3240.639117970637,-2.8723902481298182,2.4012345187866515,2.2037173734335056,
Q2-014,3241.638483362887,-2.8534628432499716,2.414476264372979,2.2198957659049654,
Q2-014,3242.637848755137,-2.8344941372704113,2.427702953441809,2.236081478203701,
Q2-014,3243.6372141473867,-2.815483949715869,2.440914324531022,2.252274366535275,
Q2-014,3244.6365795396364,-2.7964320989260045,2.4541101143706925,2.2684742852236752,
Q2-014,3245.6359449318866,-2.777338402041451,2.4672900578894,2.28468108669243,
Q2-014,3246.6353103241363,-2.75820267500211,2.480453888196095,2.300894621447952,
Q2-014,3247.634675716386,-2.7390247325289465,2.4936013365903165,2.3171147380632533,
Q2-014,3248.6340411086358,-2.719804388119144,2.506732132554589,2.333341283157125,
Q2-014,3249.633406500886,-2.7005414540276007,2.519846003765153,2.349574101377641,
Q2-014,3250.6327718931357,-2.6812357412659367,2.5329426760743274,2.3658130353839226,
Q2-014,3251.6321372853854,-2.661887059582469,2.5460218735196065,2.3820579258329246,
Q2-014,3252.631502677635,-2.6424952174557177,2.5590833183292006,2.3983086113500462,
Q2-014,3253.630868069885,-2.6230600220820577,2.5721267309080815,2.4145649285236033,
Q2-014,3254.630233462135,-2.6035812793663666,2.58515182984479,2.4308267118784244,
Q2-014,3255.6295988543848,-2.584058793903509,2.5981583319209562,2.4470937938596364,
Q2-014,3256.6289642466345,-2.5644923689762464,2.6111459520951144,2.4633660048147874,
Q2-014,3257.628329638884,-2.544881806536395,2.624114403512692,2.4796431729775037,
Q2-014,3258.6276950311344,-2.5252269071944795,2.637063397514069,2.4959251244412854,
Q2-014,3259.627060423384,-2.5055274702092447,2.649992643621218,2.512211683150582,
Q2-014,3260.626425815634,-2.485783293473901,2.6629018495494847,2.528502670875966,
Q2-014,3261.6257912078836,-2.4659941735045408,2.675790721204635,2.5447979071984577,
Q2-014,3262.625156600134,-2.4461599054260432,2.688658962695172,2.561097209484373,
Q2-014,3263.6245219923835,-2.4262802829611587,2.7015062763200888,2.5774003928763562,
Q2-014,3264.6238873846332,-2.4063550984191977,2.7143323625784888,2.5937072702667052,
Q2-014,3265.623252776883,-2.386384142676036,2.727136920181948,2.610017652280291,
Q2-014,3266.6226181691327,-2.3663672051708318,2.739919646040846,2.6263313472562686,
Q2-014,3267.621983561383,-2.346304073886188,2.7526802352771256,2.6426481612303974,
Q2-014,3268.6213489536326,-2.3261945353341105,2.7654183812358326,2.658967897910415,
Q2-014,3269.6207143458823,-2.306038374546972,2.7781337754736484,2.6752903586638013,
Q2-014,3270.620079738132,-2.2858353750630727,2.790826107771153,2.691615342493108,
Q2-014,3271.6194451303822,-2.2655853189062185,2.803495066146823,2.7079426460179548,
Q2-014,3272.618810522632,-2.2452879865816016,2.816140336845109,2.724272063456553,
Q2-014,3273.6181759148817,-2.2249431570534455,2.828761604353957,2.7406033866073187,
Q2-014,3274.6175413071314,-2.2045506077369197,2.841358551404298,2.7569364048264617,
Q2-014,3275.6169066993816,-2.1841101144754305,2.8539308589883063,2.773270905009241,
Q2-014,3276.6162720916313,-2.163621451536457,2.866478206348603,2.7896066715710646,
Q2-014,3277.615637483881,-2.1430843915872373,2.879000270994851,2.8059434864323265,
Q2-014,3278.615002876131,-2.122498705684592,2.8914967287176694,2.82228112898693,
Q2-014,3279.6143682683805,-2.101864163258739,2.9039672535812855,2.838619376096432,
Q2-014,3280.6137336606307,-2.0811805320993955,2.91641151793894,2.85495800206229,
Q2-014,3281.6130990528804,-2.0604475783356833,2.928829192449868,2.8712967786049433,
Q2-014,3282.61246444513,-2.0396650664243907,2.941219946071925,2.8876354748524307,
Q2-014,3283.61182983738,-2.018832759134966,2.953583446078227,2.903973857313133,
Q2-014,3284.61119522963,-1.9979504175260558,2.9659193580758227,2.9203116898579538,
Q2-014,3285.61056062188,-1.9770178009398904,2.9782273459981212,2.9366487337014746,
Q2-014,3286.6099260141295,-1.956034666975114,2.9905070721274853,2.9529847473855995,
Q2-014,3287.6092914063793,-1.9350007714799062,3.0027581970988138,2.969319486753278,
Q2-014,3288.6086567986295,-1.9139158685242421,3.014980379923202,2.9856527049321073,
Q2-014,3289.608022190879,-1.8927797103937678,3.0271732779816176,3.001984152315643,
Q2-014,3290.607387583129,-1.8715920475648176,3.039336547045963,3.018313576545694,
Q2-014,3291.6067529753786,-1.8503526286885545,3.0514698412990384,3.0346407224842977,
Q2-014,3292.6061183676284,-1.8290612005743867,3.0635728133311773,3.050965332206161,
Q2-014,3293.6054837598786,-1.8077175081741927,3.0756451141608068,3.0672871449700807,
Q2-014,3294.6048491521283,-1.7863212945541846,3.0876863932577407,3.0836058972038103,
Q2-014,3295.604214544378,-1.7648723008904739,3.099696298538717,3.0999213224826576,
Q2-014,3296.6035799366277,-1.7433702664403938,3.1116744763914426,3.116233151514521,
Q2-014,3297.602945328878,-1.7218149285259017,3.1236205716970886,3.132541112111369,
Q2-014,3298.6023107211277,-1.70020602251563,3.1355342278291687,3.148844929182289,
Q2-014,3299.6016761133774,-1.6785432818062134,3.147415086679885,3.165144324704613,
Q2-014,3300.601041505627,-1.6568264377999355,3.1592627886712705,3.181439017712492,
Q2-014,3301.6004068978773,-1.6350552198856008,3.1710769727824584,3.197728724268103,
Q2-014,3302.599772290127,-1.6132293554201453,3.1828572765501093,3.214013157454545,
Q2-014,3303.5991376823767,-1.5913485697077618,3.1946033360941755,3.230292027351041,
Q2-014,3304.5985030746265,-1.569412585974888,3.2063147861445316,3.246565041011962,
Q2-014,3305.597868466876,-1.5474211253578716,3.2179912600417993,3.2628319024532004,
Q2-014,3306.5972338591264,-1.5253739068744778,3.2296323897654275,3.27909231263466,
Q2-014,3307.596599251376,-1.5032706474042783,3.241237805960907,3.2953459694331855,
Q2-014,3308.595964643626,-1.481111061668173,3.2528071379429377,3.3115925676371347,
Q2-014,3309.5953300358756,-1.4588948622071598,3.264340013726553,3.3278317989183392,
Q2-014,3310.5946954281258,-1.4366217593573651,3.2758360600426926,3.3440633518220864,
Q2-014,3311.5940608203755,-1.4142914612286717,3.287294902370263,3.360286911738527,
Q2-014,3312.593426212625,-1.3919036736809005,3.2987161649413252,3.3765021609007135,
Q2-014,3313.592791604875,-1.3694581003060762,3.310099470770922,3.392708778354546,
Q2-014,3314.592156997125,-1.3469544423945052,3.321444441689323,3.4089064399454685,
Q2-014,3315.591522389375,-1.3243923989228534,3.332750698347013,3.425094818303606,
Q2-014,3316.5908877816246,-1.3017716665220291,3.3440178602475754,3.4412735828284866,
Q2-014,3317.5902531738743,-1.2790919394540197,3.355245545780164,3.4574423996639183,
Q2-014,3318.589618566124,-1.2563529095916408,3.366433372226737,3.473600931691749,
Q2-014,3319.5889839583742,-1.233554266388552,3.377580955796006,3.489748838513819,
Q2-014,3320.588349350624,-1.2106956968557512,3.3886879116575273,3.505885776426908,
Q2-014,3321.5877147428737,-1.1877768855347313,3.3997538539507275,3.522011398423132,
Q2-014,3322.5870801351234,-1.1647975144760494,3.4107783958224758,3.5381253541601865,
Q2-014,3323.5864455273736,-1.1417572632076514,3.4217611494489972,3.5542272899568275,
Q2-014,3324.5858109196233,-1.1186558087094483,3.432701726074754,3.5703168487667796,
Q2-014,3325.585176311873,-1.0954928253877938,3.443599736023259,3.586393670177827,
Q2-014,3326.584541704123,-1.072267985049848,3.4544547887340684,3.602457390388281,
Q2-014,3327.583907096373,-1.0489809568675668,3.465266492801277,3.6185076421941176,
Q2-014,3328.5832724886227,-1.0256314073617432,3.476034455984802,3.6345440549779937,
Q2-014,3329.5826378808724,-1.0022190003626292,3.486758285250019,3.6505662546997684,
Q2-014,3330.582003273122,-0.9787433969867294,3.497437586806683,3.666573863870042,
Q2-014,3331.581368665372,-0.9552042556063611,3.508071966122671,3.682566501554149,
Q2-014,3332.580734057622,-0.9316012318224978,3.518661027964214,,
Q2-014,3333.580099449872,-0.9079339784262856,3.529204376437349,,
Q2-014,3334.5794648421215,-0.8842021453802857,3.539701615002244,,
Q2-014,3335.5788302343713,-0.8604053797780011,3.5501523465187006,,
Q2-014,3336.5781956266214,-0.8365433258199602,3.5605561732734543,,
Q2-014,3337.577561018871,-0.8126156247730449,3.5709126970266283,,
Q2-014,3338.576926411121,-0.7886219149474698,3.5812215190282757,,
Q2-014,3339.5762918033706,-0.7645618316596199,3.5914822400624615,,
Q2-014,3340.575657195621,-0.7404350071981867,3.6016944604920695,,
Q2-014,3341.5750225878705,-0.7162410707927904,3.6118577802768925,,
Q2-014,3342.5743879801203,-0.6919796485818637,3.6219717990191924,,
Q2-014,3343.57375337237,-0.6676503635695781,3.632036116010113,,
Q2-014,3344.5731187646197,-0.6432528356028797,3.6420503302489777,,
Q2-014,3345.57248415687,-0.6187866813273928,3.652014040490627,,
Q2-014,3346.5718495491196,-0.5942515141541094,3.6619268452930385,,
Q2-014,3347.5712149413694,-0.5696469442217165,3.671788343038287,,
Q2-014,3348.5705803336195,-0.5449725783644368,3.681598131984174,,
Q2-014,3349.5699457258693,-0.5202280200688563,3.691355810298262,,
Q2-014,3350.569311118119,-0.4954128694373594,3.7010609761104973,,
Q2-014,3351.5686765103687,-0.47052672315102484,3.71071322753599,,
Q2-014,3352.5680419026185,-0.4455691744325918,3.72031216272552,,
Q2-014,3353.5674072948686,-0.4205398129978022,3.7298573799166945,,
Q2-014,3354.5667726871184,-0.3954382250269646,3.7393484774578525,,
Q2-014,3355.566138079368,-0.3702639931192948,3.748785053860132,,
Q2-014,3356.565503471618,-0.34501669624391695,3.758166707849867,,
Q2-014,3357.5648688638676,-0.3196959097103189,3.76749303839388,,
Q2-014,3358.5642342561177,-0.2943012051204619,3.776763644755931,,
Q2-014,3359.5635996483675,-0.2688321503237461,3.785978126534957,,
Q2-014,3360.562965040617,-0.24328830937326984,3.7951360837225536,,
Q2-014,3361.5623304328674,-0.217669242486366,3.80423711672978,,
Q2-014,3362.561695825117,-0.19197450599381227,3.813280826442025,,
Q2-014,3363.561061217367,-0.16620365229609035,3.822266814274826,,
Q2-014,3364.5604266096166,-0.14035622981555207,3.8311946822014846,,
Q2-014,3365.5597920018663,-0.11443178295556322,3.840064032809636,,
Q2-014,3366.5591573941165,-0.08842985204060483,3.8488744693577104,,
Q2-014,3367.558522786366,-0.0623499732811581,3.8576255958041514,,
Q2-014,3368.557888178616,-0.03619167871522677,3.866317016864599,,
Q2-014,3369.5572535708657,-0.009954496160304416,3.8749483380699417,,
Q2-014,3370.556618963116,0.01636205083586617,3.883519165796116,,
Q2-014,3371.5559843553656,0.04275844304603993,3.892029107325939,,
Q2-014,3372.5553497476153,0.06923516561826659,3.9004777708920386,,
Q2-014,3373.554715139865,0.09579270813119933,3.9088647657393096,,
Q2-014,3374.554080532115,0.12243156464204219,3.9171897021560653,,
Q2-014,3375.553445924365,0.1491522337421145,3.9254521915340206,,
Q2-014,3376.5528113166147,0.1759552186212261,3.933651846427921,,
Q2-014,3377.5521767088644,0.2028410271109493,3.9417882805881277,,
Q2-014,3378.551542101114,0.2298101717514811,3.949861109020759,,
Q2-014,3379.5509074933643,0.25686316984769064,3.9578699480489803,,
Q2-014,3380.550272885614,0.28400054352667325,3.9658144153454202,,
Q2-014,3381.549638277864,0.3112228197948923,3.97369412999403,,
Q2-014,3382.5490036701135,0.3385305306117914,3.981508712550877,,
Q2-014,3383.5483690623637,0.36592421293374855,3.9892577850785926,,
Q2-014,3384.5477344546134,0.39340440879097116,3.9969409712106483,,
Q2-014,3385.547099846863,0.4209716653421367,4.004557896198392,,
Q2-014,3386.546465239113,0.44862653495030713,4.012108186976093,,
Q2-014,3387.545830631363,0.47636957523525325,4.019591472195529,,
Q2-014,3388.545196023613,0.5042013491501933,4.027007382288161,,
Q2-014,3389.5445614158625,0.5321224250469498,4.034355549528598,,
Q2-014,3390.5439268081122,0.5601333767463927,4.041635608068148,,
Q2-014,3391.543292200362,0.5882347836019051,4.048847193999023,,
Q2-014,3392.542657592612,0.6164272305837528,4.0559899454164565,,
Q2-014,3393.542022984862,0.6447113083369089,4.063063502454284,,
Q2-014,3394.5413883771116,0.6730876132647694,4.0700675073474315,,
Q2-014,3395.5407537693613,0.7015567476018276,4.077001604496132,,
Q2-014,3396.5401191616115,0.7301193194880113,4.083865440499935,,
Q2-014,3397.5394845538613,0.7587759430458902,4.090658664224989,,
Q2-014,3398.538849946111,0.7875272384581251,4.097380926851471,,
Q2-014,3399.5382153383607,0.8163738320574225,4.104031881939491,,
Q2-014,3400.537580730611,0.8453163563934964,4.110611185464805,,
Q2-014,3401.5369461228606,0.8743554503211044,4.117118495881883,,
Q2-014,3402.5363115151104,0.9034917590888085,4.123553474187247,,
Q2-014,3403.53567690736,0.9327259344187127,4.129915783953635,,
Q2-014,3404.53504229961,0.9620586345915143,4.136205091394004,,
Q2-014,3405.53440769186,0.9914905245452417,4.14242106542369,,
Q2-014,3406.5337730841097,1.0210222759503864,4.148563377695581,,
Q2-014,3407.5331384763595,1.0506545673108008,4.154631702662144,,
Q2-014,3408.532503868609,1.0803880840572617,4.1606257176384815,,
Q2-014,3409.5318692608594,1.1102235186352516,4.166545102836025,,
Q2-014,3410.531234653109,1.1401615706031123,4.172389541428402,,
Q2-014,3411.530600045359,1.170202946732502,4.17815871959678,,
Q2-014,3412.5299654376086,1.200348361106677,4.183852326595982,,
Q2-014,3413.5293308298587,1.23059853521967,4.189470054786341,,
Q2-014,3414.5286962221085,1.260954198076547,4.195011599696187,,
Q2-014,3415.528061614358,1.2914160863086863,4.200476660081932,,
Q2-014,3416.527427006608,1.32198494426423,4.2058649379613655,,
Q2-014,3417.5267923988577,1.352661524130383,4.211176138672585,,
Q2-014,3418.526157791108,1.3834465860360012,4.216409970936141,,
Q2-014,3419.5255231833576,1.414340898165193,4.221566146884527,,
Q2-014,3420.5248885756073,1.445345236867837,4.226644382122984,,
Q2-014,3421.524253967857,1.476460386786698,4.231644395787498,,
Q2-014,3422.523619360107,1.5076871409600159,4.236565910576019,,
Q2-014,3423.522984752357,1.5390263009542053,4.241408652808772,,
Q2-014,3424.5223501446067,1.5704786769755543,4.246172352471703,,
Q2-014,3425.5217155368564,1.6020450880107546,4.250856743275165,,
Q2-014,3426.5210809291066,1.6337263619329718,4.255461562684559,,
Q2-014,3427.5204463213563,1.6655233356454033,4.25998655197489,,
Q2-014,3428.519811713606,1.6974368552093608,4.264431456288364,,
Q2-014,3429.5191771058558,1.7294677759760901,4.268796024659807,,
Q2-014,3430.5185424981055,1.7616169627204101,4.273080010073187,,
Q2-014,3431.5179078903557,1.793885289790822,4.277283169514561,,
Q2-014,3432.5172732826054,1.8262736412348346,4.2814052639988205,,
Q2-014,3433.516638674855,1.8587829109549148,4.285446058624956,,
Q2-014,3434.516004067105,1.8914140028484496,4.289405322613561,,
Q2-014,3435.515369459355,1.924167830964791,4.293282829361829,,
Q2-014,3436.5147348516048,1.9570453196447204,4.2970783564671535,,
Q2-014,3437.5141002438545,1.9900474036859919,4.300791685776659,,
Q2-014,3438.5134656361042,2.0231750284994945,4.304422603438766,,
Q2-014,3439.5128310283544,2.056429150263554,4.307970899923575,,
Q2-014,3440.512196420604,2.0898107360950178,4.31143637007105,,
Q2-014,3441.511561812854,2.1233207642144833,4.31481881314059,,
Q2-014,3442.5109272051036,2.1569602241135186,4.318118032828522,,
Q2-014,3443.5102925973533,2.190730116729,4.321333837315493,,
Q2-014,3444.5096579896035,2.2246314546264045,4.324466039312085,,
Q2-014,3445.5090233818532,2.2586652621668577,4.327514456076301,,
Q2-014,3446.508388774103,2.292832575703443,4.330478909459586,,
Q2-014,3447.507754166353,2.3271344437578705,4.333359225936405,,
Q2-014,3448.507119558603,2.361571927225114,4.336155236648409,,
Q2-014,3449.5064849508526,2.3961460995509896,4.3388667774197245,,
Q2-014,3450.5058503431023,2.4308580469428875,4.341493688796334,,
Q2-014,3451.505215735352,2.4657088685683988,4.344035816088464,,
Q2-014,3452.5045811276023,2.500699676763446,4.346493009378747,,
Q2-014,3453.503946519852,2.535831597234292,4.348865123564224,,
Q2-014,3454.5033119121017,2.5711057692885078,4.351152018391062,,
Q2-014,3455.5026773043514,2.606523346035587,4.353353558465287,,
Q2-014,3456.502042696601,2.642085494622961,4.355469613286687,,
Q2-014,3457.5014080888513,2.6777933964611407,4.357500057285776,,
Q2-014,3458.500773481101,2.7136482474541026,4.359444769827576,,
Q2-014,3459.500138873351,2.7496512582344934,4.361303635250152,,
Q2-014,3460.499504265601,2.785803654414167,4.363076542878105,,
Q2-014,3461.4988696578507,2.822106676824305,4.364763387060435,,
Q2-014,3462.4982350501004,2.8585615817694077,4.36636406716957,,
Q2-014,3463.49760044235,2.895169641280873,4.367878487632993,,
Q2-014,3464.4969658346,2.9319321433929275,4.369306557959419,,
Q2-014,3465.49633122685,2.9688503923927243,4.370648192740163,,
Q2-014,3466.4956966191,3.0059257091074585,4.371903311673307,,
Q2-014,3467.4950620113495,3.043159431181138,4.37307183959112,,
Q2-014,3468.4944274035993,3.0805529133570815,4.374153706454521,,
Q2-014,3469.493792795849,3.1181075277706327,4.375148847377403,,
Q2-014,3470.493158188099,3.155824664254453,4.376057202648326,,
Q2-014,3471.492523580349,3.1937057306282384,4.376878717724949,,
Q2-014,3472.4918889725986,3.231752153023791,4.377613343255376,,
Q2-014,3473.491254364849,3.269965376190825,4.378261035084094,,
Q2-014,3474.4906197570986,3.308346863836775,4.378821754270845,,
Q2-014,3475.4899851493483,3.3468980989405424,4.379295467081931,,
Q2-014,3476.489350541598,3.3856205840995557,4.379682145005376,,
Q2-014,3477.4887159338477,3.424515841882595,4.379981764765574,,
Q2-014,3478.488081326098,3.463585415175004,4.380194308308816,,
Q2-014,3479.4874467183477,3.502830867536261,4.380319762818971,,
Q2-014,3480.4868121105974,3.5422537835868297,4.380358120725816,,
Q2-014,3481.486177502847,3.581855769366925,4.38030937969063,,
Q2-014,3482.4855428950973,3.621638452733407,4.380173542618067,,
Q2-014,3483.484908287347,3.6616034837546465,4.379950617648433,,
Q2-014,3484.4842736795968,3.7017525351145935,4.37964061817047,,
Q2-014,3485.4836390718465,3.7420873025237427,4.379243562797882,,
Q2-014,3486.4830044640967,3.7826095051377138,4.378759475377592,,
Q2-014,3487.4823698563464,3.8233208860086165,4.378188384990281,,
Q2-014,3488.481735248596,3.86422321250096,4.377530325930721,,
Q2-014,3489.481100640846,3.9053182767633103,4.376785337706281,,
Q2-014,3490.4804660330956,3.9466078961872597,4.375953465040965,,
Q2-014,3491.4798314253458,3.988093913879254,4.375034757845654,,
Q2-014,3492.4791968175955,4.029778199142484,4.374029271219911,,
Q2-014,3493.478562209845,4.071662647988546,4.37293706544736,,
Q2-014,3494.477927602095,4.113749183624094,4.37175820596849,,
Q2-014,3495.477292994345,4.1560397569929535,4.370492763375765,,
Q2-014,3496.476658386595,4.1985363472891635,4.369140813398147,,
Q2-014,3497.4760237788446,4.241240962524671,4.367702436894035,,
Q2-014,3498.4753891710943,4.2841556400660465,4.366177719820243,,
Q2-014,3499.4747545633445,4.327282447222359,4.364566753221197,,
Q2-014,3500.4741199555942,4.3706234818284315,4.362869633222573,,
Q2-014,3501.473485347844,4.414180872843161,4.361086460991615,,
Q2-014,3502.4728507400937,4.457956780961837,4.359217342728897,,
Q2-014,3503.4722161323434,4.501953399261382,4.357262389653684,,
Q2-014,3504.4715815245936,4.546172953830194,4.3552217179657475,,
Q2-014,3505.4709469168433,4.590617704439282,4.353095448830615,,
Q2-014,3506.470312309093,4.635289945222993,4.350883708366069,,
Q2-014,3507.469677701343,14.68019200537178,4.348586627597143,,
Q2-014,3508.469043093593,14.72532624984467,4.3462043424452474,,
Q2-014,3509.4684084858427,14.770695080107387,4.343736993692744,,
Q2-014,3510.4677738780924,14.816300934881824,4.341184726970141,,
Q2-014,3511.467139270342,14.862146290913813,4.338547692707294,,
Q2-014,3512.4665046625923,14.908233663758367,4.335826046116296,,
Q2-014,3513.465870054842,14.954565608611915,4.3330199471655675,,
Q2-014,3514.465235447092,15.001144721113889,4.330129560536889,,
Q2-014,3515.4646008393415,15.047973638221947,4.327155055597686,,
Q2-014,3516.4639662315913,15.095055039083249,4.324096606380664,,
Q2-014,3517.4633316238414,15.142391645931255,4.3209543915298525,,
Q2-014,3518.462697016091,15.189986225006521,4.31772859427798,,
Q2-014,3519.462062408341,15.237841587515348,4.31441940241875,,
Q2-014,3520.4614278005906,15.28596059059143,4.3110270082536175,,
Q2-014,3521.460793192841,15.334346138307353,4.307551608565859,,
Q2-014,3522.4601585850905,15.383001182686712,4.303993404580851,,
Q2-014,3523.4595239773403,15.431928724776128,4.3003526019370355,,
Q2-014,3524.45888936959,15.481131815718683,4.296629410629407,,
Q2-014,3525.45825476184,15.530613557865351,4.292824044981458,,
Q2-014,3526.45762015409,15.580377105937714,4.288936723610334,,
Q2-014,3527.4569855463396,15.630425668180393,4.284967669372392,,
Q2-014,3528.4563509385894,15.680762507588767,4.280917109327007,,
Q2-014,3529.455716330839,15.73139094314783,4.276785274706697,,
Q2-014,3530.4550817230893,15.782314351114223,4.2725724008526385,,
Q2-014,3531.454447115339,15.833536166319675,4.268278727185631,,
Q2-014,3532.4538125075887,15.885059883548521,4.263904497165626,,
Q2-014,3533.4531778998385,15.936889058903546,4.259449958234342,,
Q2-014,3534.4525432920886,15.989027311259775,4.254915361778089,,
Q2-014,3535.4519086843384,16.041478323723183,4.250300963080051,,
Q2-014,3536.451274076588,16.094245845169823,4.245607021281927,,
Q2-014,3537.450639468838,16.147333691782606,4.2408337993241645,,
Q2-014,3538.450004861088,16.20074574867772,4.235981563904346,,
Q2-014,3539.4493702533377,16.254485971563412,4.231050585439476,,
Q2-014,3540.4487356455875,16.30855838843479,4.226041138000795,,
Q2-014,3541.448101037837,16.36296710133358,4.220953499275282,,
Q2-014,3542.447466430087,16.417716288177516,4.215787950522014,,
Q2-014,3543.446831822337,16.47281020460018,4.210544776509963,,
Q2-014,3544.446197214587,16.528253185897043,4.205224265475934,,
Q2-014,3545.4455626068366,16.58404964899168,4.199826709072511,,
Q2-014,3546.4449279990863,16.640204094503204,4.194352402325052,,
Q2-014,3547.4442933913365,16.69672110882584,4.18880164356878,,
Q2-014,3548.443658783586,16.753605366329907,4.183174734400609,,
Q2-014,3549.443024175836,16.81086163159202,4.177471979642021,,
Q2-014,3550.4423895680857,16.86849476171271,4.171693687266071,,
Q2-014,3551.441754960336,16.926509708699285,4.165840168357661,,
Q2-014,3552.4411203525856,16.984911521952256,4.159911737065713,,
Q2-014,3553.4404857448353,17.04370535078209,4.153908710538545,,
Q2-014,3554.439851137085,17.10289644705844,4.1478314088756605,,
Q2-014,3555.4392165293348,17.162490167918335,4.141680155086917,,
Q2-014,3556.438581921585,17.22249197857313,4.135455275018359,,
Q2-014,3557.4379473138347,17.282907455193566,4.1291570973160105,,
Q2-014,3558.4373127060844,17.343742287917195,4.122785953361884,,
Q2-014,3559.4366780983346,17.405002283940547,4.116342177234628,,
Q2-014,3560.4360434905843,17.466693370705514,4.10982610563903,,
Q2-014,3561.435408882834,17.52882159921998,4.1032380778588475,,
Q2-014,3562.434774275084,17.591393147474946,4.096578435714051,,
Q2-014,3563.4341396673335,17.654414323978727,4.089847523487805,,
Q2-014,3564.4335050595837,17.71789157141066,4.083045687884663,,
Q2-014,3565.4328704518334,17.781831470438703,4.076173277978626,,
Q2-014,3566.432235844083,17.84624074359857,4.069230645150583,,
Q2-014,3567.431601236333,17.911126259382698,4.062218143036361,,
Q2-014,3568.4309666285826,17.976495036437257,4.055136127484673,,
Q2-014,3569.430332020833,18.042354247912257,4.047984956484285,,
Q2-014,3570.4296974130825,18.108711225970154,4.040764990124032,,
Q2-014,3571.4290628053323,18.175573466468265,4.033476590530242,,
Q2-014,3572.4284281975824,18.242948633801532,4.026120121826821,,
Q2-014,3573.427793589832,18.31084456591927,4.018695950063204,,
Q2-014,3574.427158982082,18.37926927953545,4.0112044431703,,
Q2-014,3575.4265243743316,18.44823097554415,4.003645970913439,,
Q2-014,3576.4258897665813,18.51773804459752,3.9960209048261675,,
Q2-014,3577.4252551588315,18.58779907294428,3.988329618161117,,
Q2-014,3578.4246205510813,18.65842284846113,3.9805724858480858,,
Q2-014,3579.423985943331,18.729618366916114,3.972749884422683,,
Q2-014,3580.4233513355807,18.801394838471538,3.964862191984821,,
Q2-014,3581.4227167278304,18.873761694470545,3.956909788149531,,
Q2-014,3582.4220821200806,18.946728594424428,3.94889305398452,,
Q2-014,3583.4214475123304,19.02030543335026,3.9408123719618544,,
Q2-014,3584.42081290458,19.094502349326063,3.9326681259081795,,
Q2-014,3585.4201782968303,19.169329731420362,3.924460700956587,,
Q2-014,3586.41954368908,19.244798227861963,3.9161904834854653,,
Q2-014,3587.4189090813297,19.32091875460648,3.907857861070454,,
Q2-014,3588.4182744735795,19.39770250421799,3.8994632224446804,,
Q2-014,3589.417639865829,19.475160955115882,3.8910069574298802,,
Q2-014,3590.4170052580794,19.553305881199478,3.882489456897787,,
Q2-014,3591.416370650329,19.632149361917584,3.873911112721032,,
Q2-014,3592.415736042579,19.711703792669823,3.865272317716432,,
Q2-014,3593.4151014348286,19.791981895736257,3.856573465596597,,
Q2-014,3594.4144668270783,19.872996731624497,3.84781495093236,,
Q2-014,3595.4138322193285,19.954761710905444,3.8389971690860136,,
Q2-014,3596.413197611578,20.03729060656258,3.8301205161758105,,
Q2-014,3597.412563003828,20.120597566876114,3.821185389021821,,
Q2-014,3598.411928396078,20.204697128892647,3.812192185105758,,
Q2-014,3599.411293788328,20.28960423242208,3.803141302514206,,
Q2-014,3600.4106591805776,20.375334234733998,3.794033139892818,,
Q2-014,3601.4100245728273,20.461902925862034,3.7848680964112305,,
Q2-014,3602.409389965077,20.54932654458483,3.7756465717023246,,
Q2-014,3603.408755357327,20.637621795163454,3.7663689658227213,,
Q2-014,3604.408120749577,20.726805864845886,3.757035679212663,,
Q2-014,3605.4074861418267,20.816896442111315,3.747647112641232,,
Q2-014,3606.4068515340764,20.90791173583149,3.738203667164484,,
Q2-014,3607.406216926326,20.999870495282252,3.7287057440921387,,
Q2-014,3608.4055823185763,21.092792031090596,3.719153744927013,,
Q2-014,3609.404947710826,21.1866962371832,3.7095480713327333,,
Q2-014,3610.4043131030758,21.28160361376493,3.6998891250855905,,
Q2-014,3611.403678495326,21.377535291404655,3.6901773080430615,,
Q2-014,3612.4030438875757,21.474513056262225,3.6804130220851334,,
Q2-014,3613.4024092798254,21.57255937653538,3.6705966690837215,,
Q2-014,3614.401774672075,21.671697430236435,3.6607286508640016,,
Q2-014,3615.401140064325,21.771951134242954,3.650809369155155,,
Q2-014,3616.400505456575,21.873345174864625,3.640839225552739,,
Q2-014,3617.399870848825,21.97590503987665,3.6308186214902065,,
Q2-014,3618.3992362410745,22.079657052164308,3.6207479581808,,
Q2-014,3619.3986016333247,22.18462840502613,3.61062763659487,,
Q2-014,3620.397967025574,22.290847199299193,3.6004580574113447,,
Q2-014,3621.397332417824,22.398342482330648,3.5902396209931027,,
Q2-014,3622.396697810074,22.507144288929,3.5799727273332564,,
Q2-014,3623.3960632023236,22.617283684402295,3.569657776029004,,
Q2-014,3624.395428594574,22.728792809849452,3.5592951662475087,,
Q2-014,3625.3947939868235,22.841704929680077,3.5488852966825988,,
Q2-014,3626.3941593790732,22.956054481696015,3.538428565519581,,
Q2-014,3627.393524771323,23.071877129679336,3.5279253704141524,,
Q2-014,3628.3928901635727,23.189209818735804,3.5173761084396347,,
Q2-014,3629.392255555823,23.308090833487654,3.506781176064365,,
Q2-014,3630.3916209480726,23.42855985933788,3.496140969120333,,
Q2-014,3631.3909863403223,23.55065804680423,3.4854558827627358,,
Q2-014,3632.3903517325725,23.6744280792895,3.4747263114417137,,
Q2-014,3633.3897171248223,23.799914244256726,3.463952648871043,,
Q2-014,3634.389082517072,23.92716250814435,3.453135288001249,,
Q2-014,3635.3884479093217,24.056220595005655,3.442274620979262,,
Q2-014,3636.3878133015714,24.18713806920347,3.4313710391232775,,
Q2-014,3637.3871786938216,24.319966422226642,3.4204249329011986,,
Q2-014,3638.3865440860714,24.45475916378473,3.409436691886043,,
Q2-014,3639.385909478321,24.591571917339905,3.3984067047371127,,
Q2-014,3640.385274870571,24.730462520233175,3.3873353591760917,,
Q2-014,3641.3846402628205,24.871491128410938,3.3762230419462753,,
Q2-014,3642.3840056550707,25.014720325894487,3.3650701387951614,,
Q2-014,3643.3833710473205,25.160215239055958,3.353877034449823,,
Q2-014,3644.38273643957,25.30804365551485,3.342644112581567,,
Q2-014,3645.3821018318204,25.458276147748364,3.3313717557870035,,
Q2-014,3646.38146722407,25.61098620107336,3.320060345561373,,
Q2-014,3647.38083261632,25.766250345849812,3.3087102622776428,,
Q2-014,3648.3801980085696,25.92414829324032,3.297321885155668,,
Q2-014,3649.3795634008193,26.084763074163334,3.285895592239811,,
Q2-014,3650.3789287930695,26.24818118039302,3.274431760385852,,
Q2-014,3651.378294185319,26.414492706737633,3.2629307652234303,,
Q2-014,3652.377659577569,26.583791492834692,3.2513929811417057,,
Q2-014,3653.3770249698186,26.75617526265566,3.2398187812721346,,
Q2-014,3654.3763903620684,26.931745759132752,3.2282085374585563,,
Q2-014,3655.3757557543186,27.110608870997098,3.216562620238136,,
Q2-014,3656.3751211465683,27.292874747672414,3.204881398831091,,
Q2-014,3657.374486538818,27.478657897295562,3.1931652411055893,,
Q2-014,3658.373851931068,27.66807726158281,3.1814145135702603,,
Q2-014,3659.373217323318,27.861256259694073,3.1696295813473085,,
Q2-014,3660.3725827155677,28.058322791182718,3.1578108081663743,,
Q2-014,3661.3719481078174,28.25940918578739,3.1459585563292762,,
Q2-014,3662.371313500067,28.464652084646218,3.134073186705791,,
Q2-014,3663.3706788923173,28.674192234020964,3.1221550587151796,,
Q2-014,3664.370044284567,28.888174167381507,3.1102045303042587,,
Q2-014,3665.3694096768168,29.106745746604403,3.098221957932111,,
Q2-014,3666.3687750690665,29.330057525157088,3.086207696564088,,
Q2-014,3667.368140461316,29.558261887522548,3.0741620996417964,,
Q2-014,3668.3675058535664,29.791511907895284,3.062085519079716,,
Q2-014,3669.366871245816,30.029959857408116,3.049978305243542,,
Q2-014,3670.366236638066,30.273755272031863,3.0378408069453116,,
Q2-014,3671.365602030316,30.52304247221531,3.0256733714186055,,
Q2-014,3672.3649674225658,30.777957399688944,3.0134763443128776,,
Q2-014,3673.3643328148155,31.038623605167984,3.001250069681845,,
Q2-014,3674.363698207065,31.305147182070655,2.9889948899656815,,
Q2-014,3675.363063599315,31.577610396094457,2.9767111459798343,,
Q2-014,3676.362428991565,31.856063705301096,2.964399176912309,,
Q2-014,3677.361794383815,32.1405158025791,2.95205932030116,,
Q2-014,3678.3611597760646,32.43092124129011,2.939691912028181,,
Q2-014,3679.3605251683143,32.727165128103934,2.9272972863124664,,
Q2-014,3680.359890560564,33.02904429054975,2.9148757756951795,,
Q2-014,3681.3592559528142,33.336244262064994,2.902427711033255,,
Q2-014,3682.358621345064,33.64831139061127,2.889953421485899,,
Q2-014,3683.3579867373137,33.96461940132073,2.87745323451621,,
Q2-014,3684.357352129564,34.28432987427814,2.8649274758686545,,
Q2-014,3685.3567175218136,34.606346405539554,2.852376469570416,,
Q2-014,3686.3560829140633,34.92926279891138,2.839800537924461,,
Q2-014,3687.355448306313,35.25130661026583,2.8272000014950294,,
Q2-014,3688.354813698563,35.57028087614495,2.8145751791043097,,
Q2-014,3689.354179090813,35.88350902281215,2.8019263878326797,,
Q2-014,3690.3535444830627,36.18779080641215,2.789253942999224,,
Q2-014,3691.3529098753124,36.47938050225396,2.7765581581648746,,
Q2-014,3692.352275267562,36.75400188624249,2.763839345126968,,
Q2-014,3693.351640659812,37.00691672541721,2.7510978139092117,,
Q2-014,3694.351006052062,37.23306280463585,2.7383338727583038,,
Q2-014,3695.350371444312,37.42727191349347,2.7255478281414014,,
Q2-014,3696.3497368365615,37.58456615071246,2.7127399847409492,,
Q2-014,3697.3491022288117,37.7005126717883,2.6999106454495347,,
Q2-014,3698.3484676210614,37.77159613695417,2.687060111363934,,
Q2-014,3699.347833013311,37.7955515486551,2.674188681791179,,
Q2-014,3700.3410070086557,37.93033410251485,2.6737449807899765,,
Q2-014,3701.3341810040006,38.067241143035176,2.673298804552644,,
Q2-014,3702.327354999345,38.20634071794386,2.672850153846639,,
Q2-014,3703.3205289946895,38.34770419762701,2.672399029443511,,
Q2-014,3704.313702990034,38.49140649503279,2.6719454321189033,,
Q2-014,3705.306876985379,38.63752630407453,2.6714893626524656,,
Q2-014,3706.3000509807234,38.78614635843162,2.671030821827941,,
Q2-014,3707.293224976068,38.93735371288062,2.6705698104331077,,
Q2-014,3708.286398971413,39.09124004954998,2.6701063292598093,,
Q2-014,3709.2795729667573,39.24790201179718,2.6696403791039245,,
Q2-014,3710.272746962102,39.407441568753256,2.669171960765368,,
Q2-014,3711.2659209574463,39.56996641397684,2.668701075048091,,
Q2-014,3712.259094952791,39.735590402122284,2.6682277227600792,,
Q2-014,3713.2522689481357,39.90443402805508,2.6677519047133558,,
Q2-014,3714.24544294348,40.076624953465966,2.667273621723922,,
Q2-014,3715.238616938825,40.25229858674713,2.6667928746118577,,
Q2-014,3716.2317909341696,40.43159872272943,2.666309664201208,,
Q2-014,3717.224964929514,40.61467824985348,2.665823991320039,,
Q2-014,3718.2181389248585,40.8016999334865,2.665335856800425,,
Q2-014,3719.2113129202035,40.99283728544249,2.6648452614784475,,
Q2-014,3720.204486915548,41.18827553134496,2.6643522061941383,,
Q2-014,3721.1976609108924,41.38821268935054,2.6638566917915796,,
Q2-014,3722.1908349062373,41.59286077597804,2.6633587191187758,,
Q2-014,3723.184008901582,41.802447157450814,2.662858289027767,,
Q2-014,3724.1771828969263,42.01721606814752,2.662355402374544,,
Q2-014,3725.170356892271,42.23743032158691,2.6618500600190345,,
Q2-014,3726.1635308876157,42.46337324400767,2.661342262825187,,
Q2-014,3727.15670488296,42.69535086622338,2.6608320116608724,,
Q2-014,3728.1498788783047,42.933694416291715,2.660319307397941,,
Q2-014,3729.1430528736496,43.178763163938456,2.65980415091218,,
Q2-014,3730.136226868994,43.430947678037555,2.6592865430833115,,
Q2-014,3731.1294008643385,43.69067357128549,2.6587664847950094,,
Q2-014,3732.122574859683,43.958405822209784,2.658243976934884,,
Q2-014,3733.115748855028,44.23465378473358,2.657719020394495,,
Q2-014,3734.1089228503724,44.51997702087408,2.6571916160692837,,
Q2-014,3735.102096845717,44.81499212440933,2.6566617648586544,,
Q2-014,3736.095270841062,45.12038074467594,2.6561294676658918,,
Q2-014,3737.0884448364063,45.436899073054164,2.655594725398217,,
Q2-014,3738.081618831751,45.765389124254725,2.6550575389667443,,
Q2-014,3739.0747928270957,46.10679223596621,2.654517909286483,,
Q2-014,3740.06796682244,46.462165331834385,2.653975837276363,,
Q2-014,3741.0611408177847,46.83270065563062,2.6534313238591807,,
Q2-014,3742.054314813129,47.219749905477784,2.652884369961626,,
Q2-014,3743.047488808474,47.62485400058739,2.652334976514254,,
Q2-014,3744.0406628038186,48.04978013550604,2.651783144451514,,
Q2-014,3745.033836799163,48.49656837355573,2.6512288747117196,,
Q2-014,3746.027010794508,48.967590887097145,2.650672168237051,,
Q2-014,3747.0201847898525,49.46562820152357,2.650113025973525,,
Q2-014,3748.013358785197,49.99396865827981,2.649551448871037,,
Q2-014,3749.0065327805414,50.55654013560775,2.648987437883335,,
Q2-014,3749.9997067758864,51.158087457307246,2.6484209939679886,,
Q2-014,3750.992880771231,51.804415932978884,2.647852118086419,,
Q2-014,3751.9860547665753,52.50273301162028,2.6472808112038706,,
Q2-014,3752.9792287619202,53.26213966933625,2.6467070742894236,,
Q2-014,3753.9724027572647,54.094357909875185,2.6461309083159676,,
Q2-014,3754.965576752609,55.01484513568606,2.645552314260243,,
Q2-014,3755.9587507479537,56.04457196841051,2.644971293102742,,
Q2-014,3756.9519247432986,57.21300237744961,2.644387845827822,,
Q2-014,3757.945098738643,58.56340669793967,2.6438019734236065,,
Q2-014,3758.9382727339876,60.163113040148865,2.643213676882027,,
Q2-014,3759.9314467293325,62.12549139629452,2.642622957198782,,
Q2-014,3760.924620724677,64.66471311979315,2.6420298153733768,,
Q2-014,3761.9177947200214,68.2680017472666,2.6414342524090983,,
Q2-014,3762.910968715366,74.53767902732949,2.6408362693129845,,
Q2-014,3763.904142710711,99.2418436497599,2.6402358670958677,,
Q2-014,3764.8973167060553,73.58155605482793,2.6396330467723175,,
Q2-014,3765.8904907014,67.79030203207827,2.6390278093606696,,
Q2-014,3766.8836646967447,64.34629123403248,2.638420155882997,,
Q2-014,3767.876838692089,61.88668668313812,2.637810087365139,,
Q2-014,3768.8700126874337,59.972073601839455,2.637197604836672,,
Q2-014,3769.863186682778,58.40420912697662,-7.363417290669119,,
Q2-014,3770.856360678123,57.07654833007145,-7.364034598115197,,
Q2-014,3771.8495346734676,55.92517525248826,-7.3646543164608005,,
